gan_plant_8715,aptitud_forVII_lingue,bn_lingue_87,cul_prad_lingue_87,dem_lingue,dis_caminos_lingue,dis_comunidades_lingue,dis_hid_lingue,dis_plant87_lingue,dis_urbano_lingue,mat_lingue_87,pen_lingue15,pend_lingue,predios_lingue1,x,y
0,1,0,0,12,657.951355,3725.802002,30,30,14155.2002,1,1,1.317251682,1665,668113.6539,5629240
0,0,0,1,21,90,8842.267578,60,218.4032898,24050.06641,0,1,8.836393356,42,678016.3896,5638572.578
0,0,0,0,259,67.08203888,1368.210449,660,283.0194397,8565.197266,0,1,8.757494926,18,663072.2612,5632690.953
0,0,0,1,6,30,258.0697632,708.0254517,201.2461243,5342.527344,0,1,5.334462643,38,659441.2581,5631100.514
0,1,1,0,384,1072.054077,8141.67041,450,84.85281372,14301.72754,0,0,31.36055183,1590,667873.5876,5638542.57
0,1,0,0,210,2172.671143,2558.280762,2455.239258,228.4731903,7209.993164,1,0,51.30860138,28,661361.7887,5635691.782
0,1,1,0,590,3210,18882.23047,2344.802734,60,30146.65625,0,1,13.54913616,2494.65332,680627.1108,5648595.347
0,0,0,0,198,876.1849365,872.0665283,882.3264771,241.8677368,8020.330566,1,0,29.4781971,45,662412.0788,5631760.696
0,1,1,0,392,1323.064575,4659.957031,120,150,9312.234375,0,0,32.58700562,786,659741.341,5624798.773
0,0,1,0,426,2787.418213,6162.572754,445.9820557,123.6931686,12473.43555,0,0,19.58235359,1590,666733.2726,5635961.857
0,1,1,0,247,1537.920654,11933.25195,942.019104,42.42640686,29912.34766,0,1,3.725750446,34,683507.9067,5640823.2
0,1,0,1,6,1110.405273,2795.156494,600,30,15557.53809,0,1,3.951755047,160,668623.7948,5626599.27
0,0,1,0,5,690.6518555,1298.345093,1018.233765,60,19894.88672,0,1,2.124004602,638,673305.0881,5626629.279
0,0,0,0,224,715.6116333,3478.059814,1166.919067,30,14490,1,0,43.78747559,1109,669013.9026,5633411.152
0,1,0,1,172,1836.627319,3762.937744,1983.859863,84.85281372,13581.78516,0,0,19.11604118,156,666703.2643,5627139.42
0,1,1,0,173,1840.543457,11111.91211,1652.452759,134.1640778,17871.0625,0,0,33.73810577,1872,670004.1762,5642413.639
0,1,0,0,10,2712.802979,3235.69165,2817.126221,30,22023.45313,0,1,11.91366577,638,675555.7098,5626659.287
0,1,1,0,17,1242.014526,2518.571045,1410,60,21013.36719,0,0,15.1455307,98,674925.5357,5628159.702
0,1,1,0,610,234.3074951,3324.590088,603.7383423,216.3330841,7729.527832,0,1,14.24825573,786,657700.7773,5625368.931
0,1,0,1,76,90,2321.077393,870,84.85281372,2204.948975,0,0,33.4955101,99,654669.94,5630080.232
0,0,0,1,8,60,617.737793,1223.764648,201.2461243,18923.50977,0,1,4.600962162,437,672764.9389,5628159.702
0,1,0,0,92,134.1640778,5485.73584,570,30,21874.60938,1,0,19.44898796,1410,676365.9337,5634641.492
0,1,0,1,189,30,12155.48047,816.0882568,42.42640686,27066.13477,0,0,57.32391357,13,680237.0031,5641873.49
0,1,0,1,383,1513.439819,10644.37891,1540.55188,123.6931686,28606.63281,0,1,11.43811417,159.687973,682397.5999,5639862.935
0,1,1,0,586,3178.443115,17754.375,3057.351807,108.1665421,29007.39453,0,0,50.82611847,48,679906.9119,5647515.049
0,0,1,0,216,1209.338623,3530.580811,1618.054443,216.3330841,14162.57422,0,0,22.38552856,1109,668683.8114,5632931.02
0,0,0,0,7,445.9820557,553.1726685,729.9315186,67.08203888,517.8803101,1,1,4.600962162,18,654639.9317,5632210.821
0,1,1,0,478,342.0526123,6638.343262,90,84.85281372,11523.16406,0,0,62.33537674,116.7852325,665052.8083,5638092.446
0,1,0,0,13,30,1942.833008,210,84.85281372,12370.80859,0,1,11.9282217,31,666403.1814,5629750.141
0,1,1,0,132,480,1410.319092,1201.499023,134.1640778,3768.076416,0,0,52.4590416,69,658240.9265,5632600.928
0,0,0,0,28,859.0692749,2406.92749,60,150,8693.998047,1,0,22.17525864,1281,662292.0456,5629270.008
0,1,1,0,422,2362.392822,16904.08789,2676.060547,120,28418.61523,0,0,32.05011749,71,679666.8456,5646674.816
0,1,1,0,7,474.3416443,2240.580322,108.1665421,60,19571.33789,0,0,16.43136215,1077,673905.2539,5630470.34
0,0,1,0,10,391.1521301,1650.817993,258.0697632,30,10628.00586,0,1,7.544069767,1730,665052.8083,5631760.696
0,0,0,1,94,342.0526123,424.2640686,1233.28833,94.86833191,2155.411865,0,0,34.57629013,31,656650.4871,5632871.003
0,1,1,0,385,458.9117432,13579.79785,2804.318115,42.42640686,25726.9375,0,0,43.61674881,57,678196.4393,5643493.938
0,1,0,0,201,1182.243652,2028.053223,5068.846191,150,26646.83984,1,0,35.23740768,497,680987.2103,5630050.224
0,1,0,1,727,1148.259521,15540.72363,1749.285522,42.42640686,26054.71875,0,0,21.44330406,67.43522644,677356.2072,5646014.634
0,0,0,1,14,268.3281555,3679.252686,494.7726746,335.4101868,14676.96191,0,1,10.03188992,73,668233.6871,5627949.644
0,0,0,1,9,283.0194397,1603.807983,42.42640686,218.4032898,11911.36035,0,1,0.589092851,1665,666103.0985,5630410.323
0,NA,1,0,347,174.9285583,13692.79004,3309.259766,94.86833191,18673.88477,0,0,43.78747559,405.8355103,669434.0187,5644934.336
0,1,1,0,206,84.85281372,2191.643311,702.2819824,60,2997.89917,0,0,51.57843781,115,655030.0395,5629360.033
0,1,0,1,386,2240.580322,16059.89453,1417.956299,90,31330.80273,0,0,25.4403553,80,683567.9233,5645174.402
0,0,1,0,592,1358.307739,6746.732422,835.7033081,150,12177.22852,0,0,22.57847786,1590,665953.057,5637612.313
0,1,0,0,49,371.0794983,6728.097656,94.86833191,67.08203888,18331.47266,1,0,72.89771271,86,672224.7896,5638182.47
0,1,1,0,486,1318.976929,9553.245117,313.209198,94.86833191,14361.19727,0,0,16.86905289,85,667183.3969,5640193.026
0,1,1,0,424,2418.119141,6259.656738,1060.660156,152.9705811,13056.89453,0,0,46.72067261,1590,667363.4467,5635781.807
0,1,1,0,122,300,10290,1340.634155,123.6931686,19268.43359,0,0,33.75867081,1872,671894.6984,5641753.457
0,0,1,0,549,991.8165283,2532.11377,1398.463501,30,7425.105957,0,0,44.15446472,1281,659291.2166,5626899.353
0,1,0,0,249,1440,1706.575562,30,94.86833191,5903.600586,1,0,33.58346176,946,656800.5286,5626959.37
0,1,1,0,35,60,3757.672119,577.0615234,30,20138.93945,0,0,36.97701645,1410,674655.4611,5634011.318
0,0,1,0,158,530.7541504,1614.434937,1034.456421,90,8997.25,0,0,36.7369194,76,663312.3275,5631280.564
0,0,0,1,7,600,1739.223999,108.1665421,108.1665421,16576.73047,0,1,4.486397743,5,669674.085,5626449.229
0,1,0,0,36,120,3540.127197,180,42.42640686,16413.29102,1,0,43.69226837,1109,670874.4166,5634851.55
0,1,0,0,348,902.496521,14411.27637,2163.330811,60,27239.55469,1,0,34.59635544,26,679546.8124,5644184.128
0,0,0,0,99,1972.942017,3730.147461,1332.553955,42.42640686,13839.10742,1,0,39.04934692,1665,668173.6705,5630920.464
0,0,1,0,111,551.5432739,937.7099609,524.7856445,152.9705811,1500,0,0,23.00481224,42,656020.313,5633291.119
0,1,1,0,115,2769.44043,16226.75586,364.9657593,84.85281372,30286.7793,0,0,95.22372437,188,682217.5502,5645684.543
0,1,1,0,164,2415.69873,5205.842773,134.1640778,67.08203888,10193.02734,0,0,30.06682968,1148,660971.6809,5624678.74
0,1,1,0,593,150,4030.396973,492.0365906,216.3330841,8412.098633,0,1,0.83310312,786,657850.8187,5624678.74
0,0,0,1,463,873.6131592,1397.175781,750,123.6931686,6491.725586,0,1,6.664824963,1281,659051.1503,5628009.66
0,1,1,0,73,3330.540527,5816.055176,134.1640778,30,10967.73926,0,0,31.36055183,1148,661931.9462,5624528.698
0,1,1,0,14,1026.157837,2618.43457,1395.564453,60,19187.33984,0,1,13.43338394,375,671144.4912,5623388.383
0,1,1,0,232,1061.508301,684.1052246,600,67.08203888,5083.827148,0,0,55.2649498,946,656920.5617,5627979.652
0,0,0,0,17,180,2871.550049,390,180,17937.89258,0,1,3.725750446,178,669824.1264,5623568.433
0,1,1,0,11,1164.989258,2352.275391,218.4032898,67.08203888,16060.79102,0,1,1.178185701,396,669013.9026,5626239.171
0,NA,1,0,398,3548.126221,2484.210205,1824.088867,30,3962.953369,0,0,16.53662491,1492.962402,657700.7773,5635901.84
0,1,1,0,164,161.5549469,2308.246094,792.0227051,67.08203888,19761.89453,0,0,46.76150894,1077,674175.3285,5631100.514
0,1,1,0,257,1783.171387,912.4143677,189.7366638,108.1665421,1900.447266,0,0,44.07186508,64,655930.2882,5634701.509
0,1,0,1,468,819.3900146,4879.221191,1870.855469,123.6931686,9257.321289,0,1,12.14446068,NA,662802.1866,5637552.296
0,1,0,0,150,228.4731903,4203.962402,1180.720093,30,20941.74023,1,1,6.506743431,1410,675465.685,5633681.227
0,1,0,0,224,2403.934326,17052.30273,1231.462524,300,30514.11523,1,0,18.78642845,170,682067.5088,5646554.783
0,1,1,0,48,150,792.0227051,402.4922485,30,9848.228516,0,0,69.30796814,1148,663792.4601,5629870.174
0,1,0,0,74,2070,2174.948242,1842.009766,30,7015.639648,1,0,26.0802536,32,661361.7887,5634971.583
0,0,0,1,7,990.4544678,2678.077637,1803.24707,120,19789.20117,0,1,5.588625431,8,671804.6736,5623358.375
0,1,0,0,174,1560,12478.73828,474.3416443,90,30166.41406,0,1,8.434526443,23,683627.9398,5641363.349
0,1,1,0,151,1027.034546,2063.031738,1586.600098,134.1640778,18934.01758,0,0,35.02997971,1410,673455.1295,5632810.986
0,1,1,0,469,1268.897217,13777.31836,210,30,23385.26367,0,0,16.96137428,103,674925.5357,5644904.327
0,NA,0,1,15,902.496521,152.9705811,108.1665421,94.86833191,941.5412598,0,1,5.033211708,64,655330.1224,5633891.285
0,1,1,0,325,700.3570557,19155.62891,1930.518066,192.0937347,33980.20313,0,0,48.50992966,1261.8573,685278.3958,5647875.148
0,1,1,0,209,3281.539307,4153.564941,94.86833191,42.42640686,9660.233398,0,0,30.04951096,1148,662111.9959,5626809.328
0,1,1,0,17,787.4642944,3125.332031,792.0227051,30,15173.77344,0,1,5.033211708,104,668443.7451,5627139.42
0,1,0,0,335,318.9043884,18405.16406,2979.681152,408.0441284,34673.94141,1,1,8.012529373,1261.8573,686628.7688,5646524.775
0,1,1,0,549,212.1320343,4383.286621,30,108.1665421,8897.061523,0,0,15.05359936,786,658541.0094,5624498.69
0,0,1,0,575,1195.491577,7563.629883,1044.844482,84.85281372,13936.18652,0,0,21.33785057,1590,667753.5544,5637792.363
0,0,1,0,18,816.0882568,1905.88562,108.1665421,84.85281372,16858.42578,0,1,5.890928745,1665,670454.3005,5627679.569
0,1,1,0,510,1620,14098.37207,792.5906982,67.08203888,22751.47461,0,0,52.36303329,86,673935.2622,5645414.468
0,1,1,0,7,182.4828796,2724.720215,42.42640686,30,9780,0,0,27.66228485,1730,664302.6011,5633291.119
0,1,1,0,300,1081.665405,8100.055664,937.7099609,30,24884.75977,0,0,87.42622375,353,679006.6632,5637882.387
0,1,1,0,16,1693.074097,2831.148193,516.1395264,42.42640686,22116.67383,0,0,18.1475029,1974,676245.9005,5629029.942
0,1,0,0,149,1632.727783,12998.72656,283.0194397,60,30292.82617,1,0,43.83104324,33,683597.9315,5641933.507
0,0,1,0,6,1341.640747,1664.121338,1639.329102,150,20425.41797,0,1,3.003796101,638,673935.2622,5626839.337
0,1,1,0,50,465.7252502,2310.779053,276.5863342,30,2207.192871,0,0,23.04249382,84,655240.0975,5630320.298
0,0,1,0,468,1033.150513,11431.2207,1567.194946,60,16745.93945,0,0,48.4991951,37,668713.8197,5642443.648
0,1,0,0,161,1843.963135,4012.94165,2191.848633,42.42640686,13568.49316,1,0,36.69911575,1730,668083.6456,5632720.962
0,0,1,0,15,1663.309937,3017.051514,1100.63623,42.42640686,12996.37305,0,1,6.716691971,1730,667363.4467,5631190.539
0,1,1,0,486,1973.854126,6428.475586,496.5883484,108.1665421,12223.8125,0,0,27.68736458,1590,666223.1316,5636952.131
0,0,0,0,29,67.08203888,3200.03125,1697.056274,295.4657288,21133.80273,0,1,10.62002277,337,673365.1047,5623508.417
0,1,1,0,168,152.9705811,12147.66602,318.9043884,42.42640686,27800.4668,0,0,23.85644341,82,681047.2269,5641753.457
0,1,1,0,119,228.4731903,5390.825684,424.2640686,60,23579.92383,0,0,45.64994431,130,678046.3979,5635091.617
0,NA,1,0,443,3054.99585,1697.586548,1731.18457,90,4065.193604,0,0,28.32550621,NA,658150.9016,5635241.658
0,1,1,0,210,1916.715942,9309.333984,30,60,15350.06543,0,0,25.02778244,399,668353.7202,5640072.993
0,1,0,1,106,1421.442871,591.6925049,390,180,5382.053711,0,0,33.9891777,325,659891.3824,5633771.252
0,1,1,0,143,595.4829712,4853.699707,948.6832886,108.1665421,23758.82617,0,0,25.83963013,130,678256.4559,5634581.476
0,0,0,1,15,180,3912.901855,582.4946289,335.4101868,17671.24805,0,1,8.697852135,178,669073.9192,5622818.226
0,0,1,0,8,576.281189,859.0692749,684.7627563,94.86833191,17819.51953,0,1,6.007592201,29,671174.4995,5626839.337
0,0,0,0,10,256.3200989,1235.475586,416.7733154,313.209198,17914.39648,0,1,5.033211708,437,671864.6902,5628699.851
0,1,0,1,176,1077.079346,827.586853,361.2478333,192.0937347,1859.516113,0,0,59.36115646,42,656350.4042,5633741.243
0,1,0,0,323,1206.731079,4874.515137,1733.262817,331.3608398,14329.73438,1,0,46.38895798,1109,668743.828,5635181.641
0,1,1,0,256,1206.731079,5994.372559,1373.790405,30,20760.36914,0,0,35.93949127,18,675045.5689,5636562.023
0,1,1,0,18,212.1320343,3319.035889,30,67.08203888,17433.33008,0,1,5.92031002,178,669193.9523,5623478.408
0,1,0,1,8,1006.230591,1758.010254,30,123.6931686,18986.11328,0,1,1.862875223,56,673305.0881,5630410.323
0,1,1,0,9,192.0937347,1719.447632,240,323.1098938,1640.152466,0,1,1.178185701,4,655360.1307,5631160.531
0,0,0,0,9,0,660.6814575,531.6013794,174.9285583,19021.63281,0,1,8.372582436,638,672494.8642,5626959.37
0,NA,0,1,9,150,752.3961792,30,192.0937347,4740.854492,0,1,11.31610394,1281,658631.0343,5630800.431
0,0,0,1,59,1176.137695,2955.266602,4230.95752,84.85281372,25554.10156,0,0,21.09248543,276,679276.7378,5626839.337
0,0,1,0,376,2220,1548.709106,1141.577881,174.9285583,3415.259766,0,0,26.37794495,95,657760.7939,5634491.451
0,0,1,0,363,1395.886841,5012.783691,2135.275146,84.85281372,13722.63086,0,0,43.78747559,1590,668173.6705,5634821.542
0,1,0,1,21,241.8677368,1253.195923,362.491394,134.1640778,4874.884766,0,1,10.60367203,38,659351.2332,5632540.912
0,1,1,0,11,3433.132568,3730.147461,108.1665421,60,11226.97656,0,1,4.749418736,356,663792.4601,5626539.254
0,0,1,0,13,60,560.446228,180,94.86833191,17667.73242,0,1,3.951755047,50,672044.7399,5630920.464
0,1,0,1,9,0,2177.016357,510.8815918,161.5549469,8240.885742,0,1,10.1351366,5,662202.0208,5630200.265
0,0,1,0,350,1113.238525,4293.669922,1830,174.9285583,13775.52148,0,0,42.49642563,1730,668293.7036,5633801.26
0,1,1,0,652,2578.778809,15505.47363,420,108.1665421,24733.86719,0,0,24.86083603,136.5339813,675585.7181,5646524.775
0,1,0,1,4,967.4709473,1739.223999,192.0937347,30,16934.5957,0,1,3.434972048,22,669674.085,5625548.98
0,0,0,0,94,1809.226318,2912.473145,1315.90271,30,14579.13574,1,0,20.01182365,1665,668983.8943,5631340.58
0,0,1,0,260,1612.761597,931.9334717,952.9428101,60,2989.18042,0,0,29.60155106,52,657460.711,5633951.302
0,1,1,0,548,1667.363159,8221.587891,510.8815918,42.42640686,13682.10547,0,0,37.48963928,1590,667243.4135,5638452.545
0,NA,0,0,8,284.6049805,720,517.8803101,240,4735.440918,0,1,2.499309301,59,658871.1006,5631310.572
0,1,0,0,309,523.9274902,11736.59668,2162.082275,67.08203888,24678.625,1,0,56.66326141,111,677806.3316,5641603.415
0,1,0,0,218,1846.64563,14676.86914,553.1726685,150,29807.51758,1,0,51.30522156,31,682367.5917,5644064.095
0,1,1,0,91,445.9820557,2876.404053,2056.258789,30,20151.4707,0,0,32.83102798,1410,674655.4611,5632270.837
0,1,0,0,14,2914.944336,3171.639893,60,60,11096.95898,1,1,6.262143135,356,663942.5016,5627079.403
0,1,0,1,23,558.0322876,2960.439209,1235.475586,30,21795.88281,0,1,10.62002277,1410,676185.8839,5630770.423
0,1,0,1,129,339.4112549,6716.785156,684.1052246,152.9705811,22456.55859,0,0,37.9084816,73,676816.058,5636141.907
0,0,0,1,12,300,3933.776855,1997.197998,30,22214.77148,0,0,22.14393806,144,674805.5026,5624108.582
0,0,1,0,492,1724.673828,8968.946289,305.9411621,42.42640686,14325.87207,0,0,22.54771614,1590,667573.5047,5639322.785
0,1,0,0,183,1027.034546,10853.86523,1440.3125,94.86833191,18531.86719,1,0,24.60124016,1872,670814.4,5642263.598
0,1,0,1,37,394.5883789,1678.39209,284.6049805,67.08203888,18461.2168,0,0,45.6043129,437,672704.9223,5629990.207
0,0,1,0,194,785.1751099,606.7124634,858.0209961,30,420,0,0,36.43814468,63,654489.8902,5634161.36
0,1,1,0,397,295.4657288,4111.751465,1626.099609,123.6931686,25920.85156,0,0,43.62868118,209,680447.0611,5633621.21
0,1,0,0,171,1149.82605,2421.280762,3296.452637,241.8677368,25838.5,1,0,35.03988647,72,680327.0279,5631790.705
0,1,1,0,475,3664.423584,2015.589233,2283.549805,30,5970.678223,0,0,42.17263031,52,659891.3824,5636021.874
0,1,0,1,16,1015.135437,2927.268311,778.8452759,84.85281372,21070.27539,0,0,16.50511551,98,675135.5938,5628819.884
0,1,0,1,19,496.5883484,2202.907227,989.5453491,30,20363.4375,0,1,9.011387825,35,674385.3865,5628699.851
0,1,1,0,213,735.4590454,8680.166992,937.7099609,108.1665421,19016.90039,0,0,36.69438553,1872,672314.8145,5640133.009
0,NA,0,1,376,3107.281738,3853.336182,4110.985352,216.3330841,7288.271484,0,0,17.12427139,143.2458649,660491.5482,5637762.354
0,0,1,0,380,445.9820557,3482.326904,1471.223999,60,8840.435547,0,0,17.51498985,160,663102.2695,5635541.741
0,1,1,0,30,30,5559.721191,94.86833191,84.85281372,23075.69531,0,1,11.17725086,76,677536.257,5635151.633
0,1,0,0,287,2323.983643,16475.43555,2096.783203,30,28563.56055,0,0,25.98026466,97,680056.9533,5646224.692
0,1,1,0,227,973.4988403,12072.1582,2119.834961,42.42640686,23769.46875,0,0,54.92165756,335,676425.9502,5642653.706
0,1,1,0,60,2779.658203,3514.612305,234.3074951,30,4468.38916,0,0,49.72167206,561.3497314,651459.053,5638332.512
0,0,1,0,12,858.0209961,1843.963135,379.4733276,90,18356.4707,0,1,8.372582436,2,670664.3586,5624288.632
0,0,0,0,350,445.9820557,2631.29248,1261.427734,108.1665421,8578.636719,1,1,13.96535301,31,663012.2446,5634641.492
0,1,1,0,13,835.7033081,2541.692383,450,90,16217.76758,0,1,5.588625431,396,668863.8612,5625488.964
0,1,0,1,425,2618.43457,15624.81641,1250.319946,134.1640778,31457.5293,0,0,27.78745461,29,683928.0227,5644604.244
0,1,1,0,529,120,19962.7168,366.1966553,150,33555.85547,0,0,18.72166443,2494.65332,684228.1056,5649045.471
0,1,1,0,21,381.837677,1678.39209,1400.714111,30,19987.52148,0,1,6.372013569,133,673935.2622,5628429.776
0,1,1,0,453,2371.708252,6792.996582,540.8327026,335.4101868,12712.81641,0,0,38.76392365,1590,666733.2726,5636952.131
0,1,1,0,338,234.3074951,3387.742676,2220,30,25771.74609,0,0,43.20103455,209,680297.0196,5632901.011
0,1,1,0,55,390,3162.688721,42.42640686,30,16865.44336,0,1,3.772034883,396,668863.8612,5624048.566
0,1,1,0,18,468.6149902,750,90,42.42640686,17081.04297,0,1,5.033211708,1077,671444.5741,5630860.448
0,1,1,0,372,450,11887.30859,1719.185913,30,23159.32031,0,0,15.90550709,986,675735.7596,5642713.722
0,NA,1,0,371,108.1665421,13988.52734,3127.059326,150,19174.95313,0,0,85.42049408,405.8355103,669794.1181,5645294.435
0,1,1,0,343,305.9411621,3878.24707,666.1080933,371.0794983,9680.521484,0,0,61.65525818,43,663972.5099,5635511.733
0,0,0,1,9,330,1173.456421,483.7354736,218.4032898,9287.65332,0,1,3.725750446,110,663342.3358,5630290.29
0,1,0,0,112,823.7717896,840.5355225,228.4731903,30,4643.026855,1,0,47.87625504,75,658210.9182,5630050.224
0,0,1,0,714,391.1521301,8666.314453,474.3416443,241.8677368,13194.06641,0,0,33.69693756,85,666043.0819,5639862.935
0,0,0,1,12,192.0937347,1233.28833,84.85281372,189.7366638,5957.852051,0,1,3.172362089,11,660401.5234,5632240.829
0,1,0,1,276,1123.298706,11242.79785,1087.474121,228.4731903,28995.16602,0,0,28.32550621,79,682667.6746,5640403.084
0,1,0,0,291,823.7717896,6735.517578,886.3972168,30,20721.68359,1,0,32.71985245,44,674835.5109,5637522.288
0,1,1,0,157,182.4828796,11005.58496,390,60,26250,0,0,28.1349659,1116,679726.8621,5640763.183
0,1,0,0,136,2072.389893,3055.879639,2808.166748,67.08203888,7598.947266,1,0,31.31071472,61,661601.855,5636171.915
0,1,0,1,108,120,4215.827148,1730.924561,60,21210,0,0,36.0455513,1410,675735.7596,5633201.094
0,1,0,0,51,2404.682861,3691.950684,1797.998901,42.42640686,13430.68848,1,1,8.697852135,1730,667873.5876,5631730.688
0,1,1,0,27,271.6615601,2579.476807,212.1320343,30,15961.38184,0,0,24.86083603,1077,670484.3088,5633621.21
0,0,0,1,306,960,2649.697998,1380,30,8084.763672,0,0,27.02774429,72,662472.0954,5634881.558
0,1,1,0,27,1141.577881,3593.243652,891.9641113,30,15840.4541,0,0,20.42377472,396,668023.629,5624648.732
0,0,0,1,7,366.1966553,1103.902222,624.2595825,84.85281372,19309.02734,0,1,7.093617439,18,672104.7565,5625188.881
0,1,0,0,172,2616.199463,1836.627319,1953.458496,42.42640686,6552.099121,1,0,39.7495842,28,660821.6394,5635211.65
0,1,0,1,34,308.8688965,2708.154297,335.4101868,150,20410.25391,0,1,10.83034039,22,674565.4363,5629330.025
0,1,0,1,282,560.446228,19152.87891,2647.149414,42.42640686,34521.25391,0,0,25.11774826,100.9430313,685998.5947,5647605.073
0,0,1,0,669,1260.357056,7572.192383,764.8529053,60,12755.11621,0,1,11.66344357,1590,666253.1399,5638422.537
0,0,0,0,11,2180.114746,2952.371826,2168.317383,123.6931686,21684.02344,0,1,3.772034883,1974,675405.6684,5627349.478
0,1,0,0,62,342.0526123,4161.25,510,84.85281372,19425.41211,1,1,6.506743431,98,673875.2456,5635121.625
0,0,0,0,8,1113.6427,1317.953003,1838.096802,30,20100.13477,0,1,3.172362089,638,673755.2124,5627349.478
0,1,1,0,582,1449.965576,8700,210,468.6149902,13768.69238,0,0,35.77496338,1590,666973.3389,5639292.777
0,1,0,0,575,2253.996338,14761.85938,456.9463806,30,23695.97461,1,0,69.46800995,96,674715.4777,5645954.618
0,1,1,0,585,408.0441284,4583.328613,573.1491699,283.0194397,8949.960938,0,1,4.998618603,144,657970.8519,5624138.591
0,1,0,1,96,390,1908.009399,254.5584412,210,8886.990234,0,0,17.94559097,503,662682.1534,5629660.116
0,1,0,1,12,342.0526123,3361.339111,60,60,20768.53906,0,0,15.46298599,1410,675015.5606,5629810.157
0,0,0,1,281,998.598999,2034.0354,1046.565796,210,7176.963379,0,0,17.82918549,1281,660821.6394,5629690.124
0,1,1,0,187,300,2791.773682,2460.182861,192.0937347,24878.75586,0,0,31.00442314,79,679396.7709,5632540.912
0,1,1,0,195,600,5312.118164,300,67.08203888,24358.00391,0,0,25.08318329,230,678826.6134,5635091.617
0,1,0,1,34,42.42640686,2790.64502,342.0526123,30,20085.30859,0,1,7.658207417,85,674385.3865,5630200.265
0,1,1,0,358,108.1665421,10501.07129,1462.634644,600.7495117,23884.91797,0,0,41.70927429,1116,677356.2072,5640433.092
0,1,1,0,330,1084.158691,2012.013916,270,283.0194397,6378.44043,0,0,87.31699371,946,657190.6363,5626629.279
0,1,1,0,8,240,5037.14209,30,150,18687.51953,0,0,19.68839645,28,672974.9969,5636381.973
0,1,0,1,4,90,2544.34668,30,210,17106.44531,0,1,1.862875223,49,669343.9938,5624438.674
0,1,0,1,137,1106.345337,12912.58691,150,94.86833191,29674.79297,0,0,25.87988853,55,682907.7409,5642083.548
0,0,1,0,312,2456.521973,3844.216553,1914.366699,60,12150,0,0,37.74333954,1730,666673.256,5633381.144
0,0,0,1,249,342.0526123,1252.836792,876.1849365,300,8519.260742,0,0,15.68580723,45,662952.228,5631970.754
0,0,0,1,14,737.9024048,1860.967529,1008.464172,120,19098.7168,0,1,10.03188992,60,671414.5658,5624138.591
0,1,1,0,272,1148.259521,12526.82324,2826.057373,94.86833191,25081.88477,0,0,22.87622833,136,677926.3647,5642443.648
0,1,1,0,234,982.7003784,17266.29688,2190.205566,30,32585.24805,0,0,31.93078995,65,684528.1885,5646134.667
0,1,0,0,159,647.6110229,502.8916321,806.1017456,134.1640778,17920.67578,1,0,26.30548668,1077,672374.8311,5631610.655
0,1,1,0,112,1747.741455,4347.516602,366.1966553,30,11012.3291,0,0,32.14202118,1730,665472.9244,5634581.476
0,1,0,1,182,2091.626221,12952.21973,785.1751099,94.86833191,30737.83594,0,0,43.0078125,58.78993225,684138.0808,5641663.432
0,0,0,1,127,1186.802368,2646.12915,391.1521301,94.86833191,7839.247559,0,0,15.86181068,1281,661331.7804,5629179.983
0,0,0,1,8,84.85281372,1142.365967,120,247.3863373,18037.08594,0,1,2.634503365,1077,672344.8228,5630410.323
0,1,1,0,554,276.5863342,14241.69238,2125.135254,108.1665421,25793.7207,0,1,14.05205631,107,677866.3482,5644394.186
0,1,1,0,234,1806.239136,1584.04541,523.9274902,67.08203888,2222.835938,0,0,47.72015762,37,655960.2965,5635481.724
0,0,0,1,303,254.5584412,745.1845703,1087.060303,174.9285583,4594.605469,0,0,34.44052887,946,657580.7441,5629209.992
0,0,0,0,15,1002.646484,3644.722168,1124.499878,84.85281372,14657.9707,0,1,12.0151844,104,667933.6042,5627259.453
0,1,0,1,414,283.0194397,4518.959961,666.1080933,300,10038.35156,0,0,66.20156097,64,664182.5679,5636141.907
0,1,0,0,92,2298.281982,4362.499512,2225.061768,60,14176.89648,1,0,22.2299633,90,667003.3472,5626329.196
0,NA,0,1,480,84.85281372,13126.87695,3107.571289,90,18380.82227,0,0,24.74891281,294.7764893,669464.027,5644364.178
0,1,0,1,199,666.1080933,6428.195801,891.9641113,60,21582.34766,0,0,25.57640076,25,675885.801,5636502.006
0,0,0,1,17,189.7366638,513.5172729,966.0745239,174.9285583,17805.19531,0,1,8.012529373,8,670844.4083,5626059.121
0,1,1,0,64,551.5432739,6102.696289,323.1098938,94.86833191,22448.44141,0,0,36.90656281,10,676876.0746,5635511.733
0,1,0,0,409,858.0209961,7038.30957,939.1485596,108.1665421,14332.96875,1,0,73.33200836,1252,668263.6954,5637492.28
0,1,0,1,39,152.9705811,1146.29834,1090.779541,182.4828796,3325.808105,0,0,46.28410721,7,657730.7856,5632330.854
0,1,1,0,184,834.0863037,11804.15137,271.6615601,268.3281555,20840.67383,0,0,17.67278671,986,672914.9803,5643223.863
0,NA,1,0,406,371.0794983,16564.5918,4194.210449,67.08203888,22175.86523,0,0,53.45185852,273.5187073,671504.5907,5648025.19
0,1,0,1,177,1353.661743,1047.85498,509.1168823,180,6058.663086,0,0,32.35187149,1281,659651.3161,5629780.149
0,1,0,0,96,1620,2413.462158,722.4956665,30,16503.38086,1,0,15.46298599,1665,670484.3088,5628999.934
0,1,1,0,99,690,1957.600586,3868.488037,123.6931686,25518.57617,0,1,14.57335281,276,679486.7958,5627889.627
0,1,1,0,198,1110,4908.003906,152.9705811,42.42640686,10812.32617,0,0,33.6608696,1590,665022.8,5635991.865
0,1,0,1,6,403.6087341,2609.310303,120,84.85281372,15920.53418,0,0,25.66444397,1665,669524.0435,5627859.619
0,0,0,0,10,2248.599609,2728.680908,2635.906006,42.42640686,21513.93359,0,1,10.1351366,638,675105.5855,5626929.362
0,1,1,0,143,384.1874695,4008.004395,637.8087769,330,15403.21094,0,0,25.94684982,1109,669854.1347,5634911.567
0,0,0,0,13,1188.696777,1800.25,2068.912842,90,20521.68945,0,1,4.486397743,638,674265.3534,5627589.544
0,0,0,0,20,379.4733276,2160.208252,241.8677368,30,10386.50098,1,1,6.716691971,1730,664872.7586,5632330.854
0,0,1,0,646,1689.082642,7282.774414,1194.361694,134.1640778,12731.77539,0,1,9.314375877,1590,666433.1897,5637912.396
0,1,0,1,15,1154.123047,3044.815186,0,60,21740.625,0,1,7.451500893,1974,675945.8176,5629480.066
0,NA,0,1,12,30,1127.696777,469.5742798,30,6943.752441,0,1,9.751221657,25,661211.7472,5631340.58
0,1,1,0,15,742.7650757,1086.64624,30,108.1665421,16395.84375,0,1,2.499309301,1077,670814.4,5631340.58
0,1,0,1,56,510,94.86833191,400.2499084,60,234.3074951,0,0,36.108078,63,654669.94,5633591.202
0,0,0,0,305,1717.352661,1215.647949,84.85281372,30,2173.499512,1,0,31.64147186,69,656470.4374,5634371.418
0,1,1,0,599,1623.607056,8180.543945,330,342.0526123,13409.16113,0,1,12.91981506,1590,666823.2974,5638752.628
0,1,0,1,390,2520,15872.04102,644.1273193,152.9705811,32205.42969,0,1,11.25460339,45,684738.2466,5644574.236
0,NA,1,0,474,42.42640686,11720.75098,708.0254517,42.42640686,15671.4043,0,0,34.69651794,150.5941315,667303.4301,5642713.722
0,1,1,0,478,976.729248,2790.161377,240,189.7366638,7044.891602,0,0,28.76921082,121,657130.6198,5625849.063
0,0,1,0,149,2151.022949,2818.244141,1597.623291,30,15191.37891,0,0,24.85385513,1665,669404.0104,5630140.249
0,1,1,0,128,432.6661682,853.8149414,3472.232666,30,24857.4043,0,0,48.90890121,497,679246.7295,5630590.373
0,1,0,1,210,1168.460571,2314.670654,1187.939453,67.08203888,12467.58984,0,0,30.75155067,114,666073.0902,5628489.793
0,0,1,0,13,180,1997.197998,270,30,20268.39258,0,1,4.749418736,341,673035.0135,5624918.806
0,NA,1,0,8,360,268.3281555,212.1320343,364.9657593,5445.971191,0,1,2.124004602,5,659711.3327,5631550.638
0,0,0,0,11,603.7383423,1244.548096,931.9334717,94.86833191,18787.68945,0,1,4.165515423,437,672794.9471,5628819.884
0,1,0,0,721,1484.924194,15169.94727,1001.299133,323.1098938,25305.06641,1,0,19.44898796,29,676575.9917,5645894.601
0,1,1,0,538,1972.029419,14313.80469,1440.3125,67.08203888,22303.5625,0,0,23.82733154,45,673245.0715,5645714.551
0,0,1,0,476,3107.281738,1397.175781,1718.400391,67.08203888,4928.498535,0,0,16.17593575,58,659021.142,5635421.708
0,1,0,0,324,1574.071167,5287.239258,241.8677368,216.3330841,9990.720703,1,0,15.86181068,786,660191.4653,5624288.632
0,1,0,1,29,636.3961182,3237.360107,42.42640686,67.08203888,10062.93164,0,1,13.60026455,1730,664572.6757,5633921.293
0,0,1,0,155,894.9860229,2949.322021,750,60,10470.38672,0,0,43.03604507,1730,664992.7917,5633111.069
0,0,0,1,11,913.8927612,2981.040039,1047.85498,192.0937347,21276.9375,0,1,5.334462643,341,674145.3202,5624948.815
0,1,1,0,175,1710.263184,12289.38574,1266.056885,60,19549.25391,0,1,12.97342491,1872,671204.5078,5643734.004
0,0,0,1,10,240,2428.703369,180,161.5549469,16718.58789,0,1,8.697852135,396,669163.9441,5624948.815
0,1,0,0,321,2258.185059,2095.065674,1040.096191,161.5549469,2737.900635,1,1,13.56193638,NA,656320.3959,5635871.832
0,0,0,1,16,192.0937347,3430.116699,1631.349121,108.1665421,21591.01953,0,1,3.003796101,144,673995.2787,5623808.499
0,1,1,0,502,1143.547119,3650.890381,859.0692749,192.0937347,7658.46582,0,1,14.33324814,121,656710.5037,5625008.831
0,0,1,0,146,468.6149902,792.0227051,702.9224854,30,18208.04688,0,0,24.5800724,1077,672614.8974,5631130.522
0,1,1,0,11,90,1489.463013,930,182.4828796,6897.716797,0,1,9.011387825,53,661001.6892,5630830.439
0,0,1,0,51,67.08203888,8913.635742,30,60,20956.43359,0,0,64.23543549,986,674415.3948,5640012.976
0,1,1,0,381,948.6832886,12622.4082,2060.412598,90,19031.56641,0,0,24.99309349,1872,670454.3005,5644004.079
0,0,0,0,14,432.6661682,456.9463806,474.3416443,351.1409912,18754.79883,0,1,4.486397743,105,671774.6653,5625819.055
0,1,0,1,22,0,1530,300,30,1425.236816,0,0,32.44826889,20,654819.9814,5630980.481
0,1,1,0,29,390,3163.115479,1154.512939,30,19950,0,0,23.36404991,1410,674475.4114,5633291.119
0,1,1,0,466,1859.516113,3933.090332,403.6087341,123.6931686,8873.612305,0,0,42.66350174,503,660131.4488,5625699.022
0,0,1,0,263,952.9428101,657.951355,531.6013794,67.08203888,1015.135437,0,0,31.00442314,25,655030.0395,5634641.492
0,0,1,0,172,466.6904907,1061.508301,1055.130371,30,636.3961182,0,0,60.24032593,46,654519.8985,5634761.525
0,0,1,0,550,390,2592.006836,930,241.8677368,7110.696289,0,0,22.43198776,946,657820.8104,5626149.146
0,0,1,0,239,2457.987061,3570.125977,2250.799805,30,12364.4043,0,1,13.45919323,1730,666883.314,5632871.003
0,1,0,1,14,268.3281555,1562.593994,1183.38501,90,7542.181152,0,1,3.583312035,23,661661.8716,5630770.423
0,1,0,0,186,247.3863373,12661.88379,814.9846802,94.86833191,22755.37109,1,0,17.12427139,82,674775.4943,5643794.021
0,1,1,0,280,2020.717651,16431.81445,1129.29187,201.2461243,31210.28125,0,0,32.05011749,188,683237.8321,5645654.535
0,1,1,0,463,2724.05957,17909.59766,2333.838135,180,30255.85938,0,0,24.21737862,919,681287.2932,5647545.057
0,1,0,1,281,1317.953003,1092.016479,961.8731689,351.1409912,3990,0,0,21.8679657,75,658511.0011,5633411.152
0,1,0,1,294,2468.947266,750.5997314,1060.660156,123.6931686,5031.600098,0,0,46.5979538,45,659351.2332,5634821.542
0,1,1,0,123,339.4112549,1994.492432,424.2640686,42.42640686,9231.522461,0,0,31.88728714,47,663732.4436,5632570.92
0,0,1,0,10,2202.907227,2899.931152,2330.944092,30,21668.05859,0,1,8.331030846,638,675105.5855,5626419.221
0,1,0,0,72,577.0615234,853.8149414,510.8815918,90,5490.082031,1,0,26.86676788,1281,659321.2249,5630500.348
0,0,0,1,9,84.85281372,1218.23645,60,180,1100.227295,0,1,5.334462643,14,654309.8405,5631130.522
0,NA,1,0,539,192.0937347,6939.344238,833.5466309,30,11291.36426,0,0,37.5774765,318.2577515,664422.6342,5638842.653
0,0,1,0,9,120,416.7733154,361.2478333,189.7366638,18508.92969,0,1,3.583312035,437,672104.7565,5627409.494
0,0,1,0,337,1724.673828,1356.650269,551.5432739,67.08203888,6757.729004,0,0,34.27892685,1281,659801.3576,5628579.818
0,NA,1,0,460,305.9411621,11194.02051,174.9285583,60,15140.0459,0,0,46.64261627,328.9328003,666883.314,5642383.631
0,1,0,1,125,766.6159668,975.807373,0,42.42640686,7922.04541,0,0,48.59569931,77,662442.0871,5633021.045
0,1,1,0,130,3570.50415,4062.536133,408.0441284,30,10717.85449,0,0,31.83282471,1148,663102.2695,5626389.212
0,1,0,1,48,1149.82605,1350,692.6037598,30,11541.62012,0,1,5.033211708,24,665322.8829,5629119.967
0,1,0,1,293,1764.652954,16006.20215,2220,84.85281372,28041.01367,0,1,13.44629478,46,679696.8538,5645774.568
0,1,1,0,222,510,6664.728027,678.8225098,30,21365.47656,0,0,42.80966568,47,675585.7181,5637012.147
0,1,1,0,273,2696.831543,5689.332031,1061.508301,134.1640778,12597.17871,0,0,20.75246239,1590,666973.3389,5635331.683
0,0,0,0,233,335.4101868,5102.911133,1340.634155,152.9705811,15729.41504,1,0,17.91655922,1252,670004.1762,5636201.923
0,1,0,1,21,67.08203888,429.5346375,870,161.5549469,300,0,0,20.65188599,108,653619.6498,5632000.763
0,1,1,0,167,150,3184.525146,2482.941895,30,22145.87305,0,0,18.2903614,1410,676636.0083,5631940.746
0,1,0,1,102,1032.279053,1302.497559,201.2461243,123.6931686,4270.550293,0,1,6.065082073,73,655840.2633,5628309.743
0,1,0,0,18,971.6480713,750.5997314,108.1665421,152.9705811,4890,0,1,10.42211628,21,659411.2498,5633321.127
0,1,0,0,71,792.0227051,13869.89941,150,30,28714.95313,1,0,24.85385513,60,681437.3347,5643433.921
0,1,1,0,186,335.4101868,10559.40332,283.0194397,60,20926.32813,0,0,65.20861816,1872,673665.1876,5641873.49
0,0,1,0,363,2400.75,1721.540039,750.5997314,468.6149902,2665.951904,0,0,16.00338745,93,656590.4705,5635181.641
0,1,0,0,7,210,465.7252502,90,284.6049805,9965.239258,1,1,2.945464373,NA,664062.5348,5630320.298
0,1,0,1,183,2925.884521,5035.891113,2747.580811,120,13963.38086,0,0,25.35837746,6,666343.1648,5625488.964
0,1,1,0,658,2884.527588,17676.00977,3426.441406,228.4731903,28513.73438,0,0,18.1475029,48,679366.7627,5647485.04
0,1,0,1,11,30,2110.473877,90,212.1320343,9821.324219,0,0,25.16605759,1730,664302.6011,5632300.846
0,1,1,0,12,764.8529053,751.7978516,270,169.7056274,18388.33594,0,1,6.065082073,29,671714.6487,5626659.287
0,1,1,0,446,2024.27771,19262.00977,1130.884644,67.08203888,31319.20898,0,0,17.65313911,2494.65332,681827.4424,5648835.413
0,NA,0,0,10,483.7354736,1243.100952,1623.607056,408.0441284,2322.434082,0,1,1.317251682,63,656530.454,5632000.763
0,0,0,0,8,331.3608398,986.8130493,212.1320343,212.1320343,19038.18555,0,1,0.83310312,19,672284.8062,5626329.196
0,1,0,0,150,1584.04541,17208.02734,1494.59021,30,31412.73633,1,0,34.57629013,188,683087.7906,5646494.767
0,1,1,0,11,90,2822.07373,283.0194397,247.3863373,15420.2627,0,1,5.92031002,1109,669944.1596,5633501.177
0,1,0,1,218,1328.495361,1923.746338,1065.316895,42.42640686,17490,0,0,41.86291504,1077,672014.7316,5633381.144
0,1,1,0,323,3240.55542,4094.203125,276.5863342,192.0937347,9438.374023,0,0,54.7888031,1148,661601.855,5626479.237
0,0,1,0,649,912.4143677,9021.823242,550.7268066,240,13719.1543,0,0,33.16754913,85,666583.2311,5639952.96
0,1,0,1,8,1418.908081,1471.223999,90,283.0194397,10990.48633,0,1,3.434972048,39,664572.6757,5628729.859
0,0,1,0,9,212.1320343,1291.394653,228.4731903,210,16295.82813,0,1,4.749418736,1077,670784.3917,5632120.796
0,0,1,0,596,989.5453491,3389.070557,590.9314575,127.2792206,8089.548828,0,0,18.86017418,786,659321.2249,5626029.113
0,1,1,0,336,2107.913574,10432.4541,924.175293,228.4731903,17271.92578,0,0,28.91959953,1872,669704.0933,5641663.432
0,NA,0,0,11,330,607.4536743,2741.842529,150,1520.85498,0,1,0,NA,653139.5172,5635841.824
0,1,0,0,328,450.9989014,3154.568115,2769.277832,424.2640686,26140.76172,1,0,30.55342484,109,680657.1191,5632450.887
0,0,0,1,12,1489.463013,2424.066895,1626.099609,120,21091.02344,0,1,10.08364582,638,674415.3948,5626179.154
0,0,1,0,609,391.1521301,3167.664795,424.2640686,502.8916321,7790.994629,0,1,7.286676407,786,658601.026,5625849.063
0,0,1,0,202,296.9848633,1441.249512,966.0745239,42.42640686,2731.977295,0,1,8.372582436,108,656440.4291,5630800.431
0,0,0,0,455,1930.518066,5601.731934,1771.016602,335.4101868,13662.35742,1,0,43.04007721,1590,668023.629,5635511.733
0,1,0,0,19,90,1774.06311,216.3330841,90,18222.74609,0,1,11.78185749,437,672344.8228,5629390.041
0,1,1,0,13,898.9994507,3323.642578,351.1409912,108.1665421,21147.12695,0,1,13.2905407,1410,675315.6435,5629330.025
0,1,1,0,385,2401.687012,15264.60645,2040.220581,108.1665421,22758.77148,0,1,12.49654675,73,673185.0549,5646674.816
0,1,0,1,14,0,512.6401978,394.5883789,67.08203888,5920.878418,0,1,9.589736938,27,660071.4322,5631130.522
0,1,0,0,21,615.5485229,4340.368652,30,60,17947.17188,0,1,7.903510094,1109,672314.8145,5635781.807
0,0,0,1,15,560.446228,666.1080933,1301.460693,60,19445.02344,0,0,15.01898003,638,673125.0383,5627529.527
0,1,1,0,70,1323.064575,3210.140137,1451.516479,180,14306.47754,0,0,30.63849258,1109,668803.8446,5632330.854
0,NA,0,0,9,536.656311,702.2819824,1585.181396,123.6931686,0,0,1,4.288661003,108,653439.6001,5632750.97
0,1,1,0,370,1233.28833,16116.2832,3257.314941,30,22574.77539,0,0,19.93363571,273.5187073,672344.8228,5647575.065
0,1,0,1,22,201.2461243,1214.907349,1371.167358,108.1665421,2839.24292,0,0,21.89175606,108,656860.5452,5631520.63
0,1,0,1,92,161.5549469,7158.190918,276.5863342,108.1665421,21575.08984,0,0,19.75877571,1116,675705.7513,5637522.288
0,0,1,0,10,745.1845703,2922.499023,120,42.42640686,13308.00098,0,1,6.89515543,1665,667423.4632,5629930.191
0,1,1,0,103,150,1572.068726,1214.907349,60,19495.33789,0,0,27.43554115,133,673515.1461,5628789.876
0,1,1,0,57,1018.675598,5271.812012,424.2640686,42.42640686,16447.49805,0,0,29.25366592,142,667393.4549,5622518.143
0,1,0,0,94,134.1640778,3095.238281,1973.854126,30,21936.75,1,0,35.07453156,1410,676395.9419,5631490.622
0,NA,0,1,11,655.2098999,930.4837646,60,127.2792206,5003.079102,0,1,3.172362089,1281,658721.0591,5630290.29
0,0,1,0,391,390,726.2230835,1350,30,5376.364746,0,0,22.94439125,38,657670.769,5628189.71
0,1,1,0,423,1961.733887,9324.40332,480.9365845,60,14665.33691,0,0,44.07186508,399,667723.5461,5639802.918
0,0,1,0,89,1416.050903,1736.116333,600,30,15884.4834,0,0,17.91655922,1665,670244.2425,5630920.464
0,1,1,0,114,1501.199463,12361.31055,445.9820557,42.42640686,20357.80273,0,0,55.52493286,80,672074.7482,5643824.029
0,1,1,0,42,1166.919067,725.6032104,152.9705811,42.42640686,4589.313477,0,1,13.60026455,946,656470.4374,5628279.735
0,1,0,1,342,268.3281555,14932.55859,3500.24292,123.6931686,19974.00781,0,0,43.96543503,207.1297913,670064.1928,5646284.709
0,0,1,0,468,1531.176025,5568.051758,2096.783203,67.08203888,14229.55371,0,0,16.58900642,1252,668533.77,5635901.84
0,0,0,0,267,1578.923706,11340.04004,1697.056274,120,17421.19336,1,0,32.52838135,1872,669434.0187,5642533.672
0,1,0,1,224,1248.519165,323.1098938,247.3863373,169.7056274,5721.275879,0,0,30.06682968,1281,658991.1337,5629240
0,1,0,1,162,540,7749.35498,570.7889404,42.42640686,20970.08594,0,0,28.74507523,37,674835.5109,5638632.595
0,1,0,0,412,1830.24585,5685.296875,424.2640686,212.1320343,11649.31348,1,0,44.27220154,1590,665803.0156,5636321.956
0,1,1,0,303,123.6931686,18828.77148,1321.362915,30,32843.90234,0,0,37.49889755,2494.65332,683988.0393,5647935.165
0,1,1,0,178,1281.600586,1444.991333,582.4946289,189.7366638,1786.448975,0,0,16.07910538,37,655420.1472,5635481.724
0,1,0,1,72,859.0692749,740.9453125,335.4101868,30,4028.16333,0,0,36.62338638,946,656410.4208,5628909.909
0,0,1,0,455,268.3281555,1353.661743,1110.405273,30,5982.725098,0,0,36.89245605,1281,658390.9679,5628039.668
0,1,0,0,101,2061.285889,2513.205078,84.85281372,123.6931686,7896.556152,1,1,5.269006729,1281,661001.6892,5628369.76
0,1,1,0,7,1129.29187,1464.786621,0,228.4731903,18005.44922,0,1,14.24825573,33,670514.3171,5624798.773
0,0,1,0,717,644.1273193,8154.759277,371.0794983,201.2461243,12867.51758,0,0,37.82141495,1590,665953.057,5639322.785
0,1,1,0,425,300,13587.38379,882.3264771,90,24444.82813,0,0,38.36347198,48,676425.9502,5644274.153
0,1,0,1,141,30,1020.441101,2647.149414,127.2792206,2284.928955,0,0,27.61205864,16.69221497,653679.6664,5636652.048
0,0,1,0,138,626.418396,2558.280762,684.1052246,67.08203888,7862.747559,0,1,1.767278552,1281,661571.8467,5629690.124
0,0,0,1,6,189.7366638,603.7383423,408.0441284,120,300,0,1,7.11803627,24,654669.94,5632871.003
0,0,1,0,233,2054.288086,2288.274414,1321.362915,30,15773.75391,0,0,17.51498985,1665,670004.1762,5630170.257
0,NA,1,0,434,577.0615234,16865.23047,3800.065674,30,22999.51563,0,0,40.35608673,97.77886963,672314.8145,5648325.272
0,1,0,1,400,30,14392.99805,3120.576904,276.5863342,19679.56641,0,0,19.58235359,76,670094.201,5645744.559
0,NA,0,0,10,1142.365967,1934.941895,1878.776245,67.08203888,3041.709961,0,1,7.166624069,NA,652749.4094,5637312.23
0,1,1,0,169,750,1776.344604,3463.018799,161.5549469,24655.27344,0,0,18.34719276,79,679126.6963,5631550.638
0,1,1,0,121,1615.549438,9772.681641,270,67.08203888,17173.13281,0,0,25.08318329,1872,669914.1513,5641033.258
0,0,0,1,6,1154.123047,2870.139404,1259.285522,84.85281372,21282.43555,0,1,4.998618603,341,674355.3782,5625458.955
0,0,0,0,310,1168.460571,1355.654785,1719.185913,403.6087341,17947.24805,1,1,8.99211216,1077,672464.856,5632690.953
0,1,0,0,170,240,2406.740479,2889.515625,182.4828796,24291.42383,0,0,39.16470718,75,678796.6051,5632180.812
0,1,0,1,95,990.4544678,364.9657593,381.837677,150,7646.76416,0,0,55.0415802,49,662111.9959,5632270.837
0,1,0,0,146,1142.365967,1865.07373,827.586853,67.08203888,4574.582031,0,1,14.18723488,73,655420.1472,5627829.61
0,1,0,1,11,150,1248.519165,234.3074951,161.5549469,1183.38501,0,1,9.011387825,8,655120.0643,5631610.655
0,1,0,1,468,150,16766.88672,4763.297363,228.4731903,21502.86523,0,1,13.07998466,127.7193298,670514.3171,5648175.231
0,1,1,0,45,1502.697632,3457.687012,2057.790039,30,22040.22266,0,0,17.76093102,638,675165.6021,5625458.955
0,1,1,0,384,465.7252502,19603.22656,872.0665283,90,33595.13672,0,0,20.89411926,2494.65332,684498.1802,5648595.347
0,1,1,0,437,384.1874695,12403.75781,2114.734131,84.85281372,17079.80469,0,0,42.55355072,169.80896,668533.77,5643403.913
0,1,1,0,238,1120.089233,12879.75195,2642.72583,67.08203888,25031.61523,0,0,19.79387093,87,677656.2901,5642983.797
0,1,0,1,12,547.4486084,582.4946289,161.5549469,94.86833191,10720.54102,0,1,7.680831432,40,664632.6923,5629630.108
0,1,1,0,24,408.0441284,5460,182.4828796,108.1665421,22394.43164,0,0,16.07910538,10,676876.0746,5634821.542
0,1,1,0,356,1197.747925,7793.131348,1263.210205,150,25389.80273,0,0,41.25333023,353,679576.8207,5637552.296
0,1,0,1,168,342.0526123,2160.208252,429.5346375,258.0697632,9150,0,0,40.23983002,18,663672.427,5633321.127
0,1,1,0,364,1080,19186.04883,647.6110229,84.85281372,32038.42773,0,0,52.65053558,2494.65332,682757.6994,5648595.347
0,1,0,1,168,560.446228,2730.65918,2871.550049,189.7366638,22891.47461,0,0,33.74324799,45,677386.2155,5632000.763
0,0,0,0,112,1513.439819,1557.690552,2860.244629,90,24528.5,1,0,25.4403553,1974,678556.5388,5628279.735
0,0,1,0,355,3072.621094,3618.07959,722.4956665,42.42640686,9011.243164,0,0,51.58852768,1148,661571.8467,5627169.428
0,1,1,0,608,201.2461243,3554.20874,60,123.6931686,8115.374512,0,1,5.831721783,786,658420.9762,5625338.922
0,1,1,0,322,737.9024048,5844.998047,30,67.08203888,11004.27637,0,0,40.83480072,126,664812.742,5637312.23
0,1,1,0,551,742.7650757,4320.104004,339.4112549,60,8919.641602,0,0,23.7470932,786,659021.142,5624768.765
0,1,1,0,548,384.1874695,15080.33496,2701.499512,94.86833191,26674.65625,0,0,23.45299911,65,678556.5388,5644994.352
0,0,1,0,443,1726.76001,4806.183594,2388.911865,152.9705811,13146.71094,0,0,19.58235359,1730,667663.5296,5633831.268
0,1,1,0,11,60,3564.828125,2057.790039,30,20951.62305,0,1,8.757494926,1410,675435.6767,5631880.729
0,1,1,0,217,3804.681396,3992.818604,982.7003784,30,12145.51758,0,0,40.41194153,356,664662.7006,5626209.163
0,1,1,0,259,657.951355,553.1726685,697.7822266,218.4032898,5022.290527,0,0,17.57432938,75,658150.9016,5629240
0,1,1,0,327,1186.802368,924.175293,123.6931686,30,6267.128418,0,0,30.04951096,1281,659231.2001,5628609.826
0,0,0,1,326,1764.652954,1201.499023,540,90,6480.138672,0,0,37.94050598,1281,659891.3824,5629300.017
0,1,0,0,17,1507.481323,3399.676514,646.2197876,60,21622.09375,0,1,5.92031002,98,675705.7513,5628849.892
0,0,1,0,333,2589.922852,4794.465332,979.4896851,42.42640686,11997.1875,0,1,10.03188992,1730,666463.198,5634581.476
0,1,1,0,314,67.08203888,12072.7168,1103.086548,247.3863373,22366.18164,0,0,45.23757553,986,674625.4528,5643223.863
0,1,0,0,219,1936.801514,1514.331543,123.6931686,90,5290.98291,1,0,91.64134216,946,656260.3794,5627379.486
0,1,1,0,27,579.3962402,7176.022461,60,313.209198,16992.84766,0,0,74.92835236,1252,670724.3751,5638542.57
0,1,0,0,51,247.3863373,12156.92383,67.08203888,174.9285583,28260.98633,0,0,26.27248573,22,681557.3678,5641663.432
0,1,1,0,34,123.6931686,1500,180,60,10101.98535,0,0,20.01182365,42,664512.6591,5631700.68
0,0,1,0,16,2068.912842,3505.381592,2505.673584,90,22228.38086,0,1,5.334462643,1974,675525.7015,5625909.08
0,0,0,1,19,421.0700684,4053.109863,127.2792206,67.08203888,16904.91406,0,1,7.190794945,396,668413.7368,5623208.334
0,1,0,1,9,174.9285583,2356.480469,0,234.3074951,15971.75293,0,1,3.332412481,82,669343.9938,5627229.445
0,0,1,0,452,2379.285645,6641.596191,630.7138672,30,12902.44141,0,0,26.08690453,1590,667093.372,5636321.956
0,1,0,0,106,270,10170.75195,240,42.42640686,21875.08203,1,0,21.3459816,986,674985.5523,5641153.291
1,1,1,0,314,1596.777954,10164.86621,768.9603271,60,17617.05078,0,0,16.96137428,1872,670184.2259,5641483.382
1,1,0,0,200,400.2499084,10743.22559,494.7726746,90,21923.10352,1,0,19.52022934,986,674775.4943,5641813.473
1,1,0,1,129,1722.846436,4201.071289,1897.60376,94.86833191,14183.62402,0,0,52.4590416,156,667243.4135,5626869.345
1,0,0,1,227,853.8149414,1938.891479,4950,123.6931686,26626.92188,0,1,13.90309048,497,680897.1854,5629510.075
1,NA,0,1,388,84.85281372,15758.4834,4455.580566,84.85281372,19966.23438,0,0,59.49837875,238.8150024,669464.027,5647034.916
1,1,0,1,31,210,6754.332031,361.2478333,60,23718.2207,0,0,25.92677879,230,678046.3979,5636471.998
1,1,1,0,531,1039.663452,16782.95508,3220.077637,90,23551.91016,0,0,16.99203682,150.3627167,673095.03,5648205.239
1,1,0,1,288,1860.967529,16383.9834,1656.532471,30,31871.08594,0,0,20.24457741,65,684078.0642,5645354.452
1,1,1,0,291,2791.451172,3127.059326,442.9447021,30,8506.097656,0,0,24.26032829,503,661061.7058,5627319.469
1,1,1,0,132,4128.353027,4337.568359,692.6037598,150,11851.97461,0,1,9.44387722,356,664122.5513,5625879.071
1,0,1,0,160,30,1281.600586,4125.736328,30,25858.71289,0,0,17.57432938,497,680056.9533,5629089.959
1,1,0,0,143,2504.595703,3504.868164,2076.078125,30,12875.83789,1,0,26.16660118,1730,667363.4467,5632240.829
1,1,0,1,121,218.4032898,11480.12598,270,30,27931.03125,0,0,46.44876862,49,681407.3264,5641003.25
1,0,0,1,468,180,4038.539307,1298.345093,295.4657288,9354.277344,0,0,23.47518349,79,663522.3855,5635961.857
1,1,1,0,67,863.770813,5340.084473,84.85281372,42.42640686,17727.15625,0,0,29.54874802,1252,671924.7067,5636802.089
1,1,0,1,341,2485.839844,5635.689941,424.2640686,60,12021.16895,0,0,53.26976395,1590,666343.1648,5635601.757
1,1,1,0,255,90,5812.417969,424.2640686,60,25053.28711,0,0,15.31641483,47,679486.7958,5635571.749
1,1,1,0,91,94.86833191,960.4686279,1763.887695,67.08203888,330,0,0,29.00945854,44,653739.683,5634671.5
1,1,0,0,189,1074.150879,7778.855957,432.6661682,42.42640686,16947.31836,1,0,37.92678452,1252,670484.3088,5639112.727
1,1,0,0,209,90,3920.025391,2007.311646,30,22200.99414,1,0,23.85644341,41,676726.0331,5632991.036
1,1,1,0,473,1770,14307.86133,123.6931686,108.1665421,23753.10547,0,0,36.51425552,103,675075.5772,5645414.468
1,1,0,0,84,695.8447876,2686.801025,351.1409912,67.08203888,17085.17773,1,0,27.66228485,1077,671594.6155,5634131.351
1,NA,0,1,684,150,9208.094727,1070.794067,30,13331.24512,0,0,52.24360275,90.78542328,665773.0073,5640703.167
1,1,0,1,70,1068.269653,1465.401001,1878.297119,94.86833191,23275.14844,0,1,14.77437401,83,677626.2818,5630350.307
1,1,0,1,312,323.1098938,5682.684082,362.491394,94.86833191,25869.13477,0,0,20.82757759,51.70511246,680327.0279,5635301.675
1,1,0,0,43,182.4828796,8342.643555,120,212.1320343,22126.60156,1,0,38.74153519,1116,676005.8342,5638722.62
1,NA,1,0,480,1142.365967,19762.62305,84.85281372,30,32376.46289,0,0,49.82625198,2494.65332,682847.7243,5649165.505
1,1,0,0,619,2108.767334,14872.28613,0,152.9705811,24349.80078,1,0,31.26634979,66,675495.6932,5645894.601
1,0,0,1,285,1959.208984,15282.75488,810,60,28859.00195,0,0,17.32574081,36,680987.2103,5644934.336
1,1,1,0,144,602.9925537,4218.068359,1308.013794,241.8677368,24066.75,0,0,29.8118248,43,678586.5471,5633981.31
1,1,0,0,33,2375.878906,2752.81665,524.7856445,67.08203888,12117.69824,1,0,35.65837097,156,665292.8746,5627559.536
1,1,1,0,176,1080.416626,5662.296387,1331.540405,42.42640686,20078.63086,0,0,15.41803551,47,674355.3782,5636562.023
1,1,0,0,206,510.8815918,12961.42383,67.08203888,284.6049805,21990.18359,1,0,34.1673851,139,673665.1876,5644304.162
1,1,1,0,203,792.0227051,18343.25195,1673.559082,30,32106.01367,0,0,54.79830551,2494.65332,683327.8569,5647605.073
1,NA,1,0,452,3270,3160.838379,3420.131592,189.7366638,6807.951172,0,1,5.033211708,67.70976257,660281.4902,5637102.172
1,1,1,0,157,641.3267212,1380.32605,1231.462524,152.9705811,8444.081055,0,0,24.33174706,26,662772.1783,5631400.597
1,NA,0,1,603,60,7553.628418,330,84.85281372,12000.15039,0,0,21.72467232,174.5011292,665082.8166,5639112.727
1,1,0,0,454,3063.233643,15235.30469,725.6032104,94.86833191,31608.22852,0,0,23.14767647,56,684288.1222,5644064.095
1,1,0,1,325,1015.135437,10243.1875,1044.844482,60,27198.55273,0,0,35.39463043,24,680957.202,5639832.926
1,1,0,1,202,1675.977295,2557.049072,1006.230591,42.42640686,12434.0498,0,0,30.04951096,26,665833.0239,5628009.66
1,1,1,0,221,607.4536743,11504.09082,1622.498047,108.1665421,23280.94727,0,0,60.6078949,986,676095.859,5642173.573
1,1,0,0,469,1500,14009.61426,241.8677368,150,23138.84961,1,0,46.55324936,96,674475.4114,5645234.419
1,NA,0,1,459,152.9705811,8374.783203,0,241.8677368,26839.92578,0,0,34.72151566,26.64432907,680987.2103,5637912.396
1,NA,0,0,486,94.86833191,12878.94824,2079.326904,150,16990.59766,1,0,38.93810272,169.80896,668173.6705,5643794.021
1,1,0,0,66,1936.10437,2212.894043,271.6615601,94.86833191,10647.80273,1,0,29.74189758,1148,663912.4933,5628069.677
1,1,0,1,101,295.4657288,7033.128906,450,94.86833191,22295.57227,0,0,22.73929024,21,676575.9917,5636712.064
1,1,1,0,180,108.1665421,10185.34277,1046.565796,84.85281372,20076.47852,0,0,32.71985245,1872,672854.9637,5641603.415
1,0,0,0,260,180,3348.193604,2490.7229,90,22481.5332,1,0,18.1475029,41,676996.1077,5632480.895
1,NA,1,0,436,60,17400.64648,4383.081055,108.1665421,23121.92383,0,0,37.15023422,126.2163239,672044.7399,5648865.422
1,1,1,0,297,835.7033081,2468.400391,2922.499023,192.0937347,25344.31836,0,0,40.52770615,79,679846.8953,5632090.788
1,1,0,0,123,1205.985107,8414.826172,174.9285583,108.1665421,15888.70313,1,0,29.86416054,399,669223.9606,5639442.819
1,1,1,0,285,2759.510742,3745.317139,424.2640686,30,9343.447266,0,0,30.58748055,1148,662081.9876,5627349.478
1,1,1,0,84,67.08203888,3578.058105,2026.055298,30,20736.27344,0,1,3.172362089,1410,675255.6269,5632690.953
1,NA,0,1,666,1836.137207,16530.02734,2714.129639,42.42640686,27156.5625,0,0,19.29672623,315.9179077,678226.4476,5646734.833
1,1,1,0,241,1281.600586,6535.870117,1113.238525,90,19598.8418,0,0,36.97701645,45,673635.1793,5637762.354
1,1,0,1,411,819.3900146,9223.817383,1173.456421,161.5549469,26406.98828,0,0,40.14917374,68,680357.0362,5638902.669
1,1,1,0,327,2762.933105,15345.93066,1284.05603,42.42640686,30735.96289,0,0,32.42152023,22,683177.8155,5644544.228
1,1,0,0,65,120,8834.936523,94.86833191,108.1665421,21339.78711,0,0,50.41822815,986,674895.5274,5639772.91
1,0,0,1,516,201.2461243,5890.551758,531.6013794,324.4996033,10655.57617,0,0,39.2973938,62,664302.6011,5637642.321
1,1,1,0,581,3087.814697,15769.16016,872.0665283,90,24577.61719,0,0,44.19766998,151.1265259,675195.6103,5646884.874
1,1,1,0,301,785.1751099,15964.56738,3919.451416,123.6931686,21267.79883,0,0,18.44152451,128.5996704,670844.4083,5647395.015
1,1,0,1,142,2647.149414,16170.66797,1374.11792,30,28971.50586,0,0,47.58543396,64,680687.1274,5645864.593
1,1,1,0,239,150,10771.50391,1082.081299,67.08203888,19320.67578,0,0,15.86181068,93,671714.6487,5642233.59
1,1,0,1,183,127.2792206,3002.398926,2292.007813,94.86833191,24333.625,0,0,21.66068077,71,678856.6217,5632780.978
1,1,0,1,263,807.2174683,8700.46582,891.9641113,180,25058.26172,0,0,51.09170914,47,679066.6798,5638482.553
1,1,0,1,250,829.7589722,17510.98242,2229.9104,258.0697632,32284.97656,0,0,48.59569931,31,684018.0476,5646554.783
1,1,1,0,438,1441.249512,2253.996338,874.6427612,90,7422.378418,0,0,38.2910347,1281,659711.3327,5627349.478
1,1,0,0,106,218.4032898,3735.692627,961.8731689,60,14652.29004,1,0,30.27960205,1109,669163.9441,5634011.318
1,1,1,0,252,1081.665405,7172.510254,1138.419922,67.08203888,19373.33398,0,0,25.68471909,63,673215.0632,5638512.562
1,1,0,0,73,597.7457886,10962.65039,174.9285583,123.6931686,21568.99805,1,0,20.33863831,986,674235.3451,5642173.573
1,1,0,1,20,2656.482666,3042.005859,1615.549438,30,22637.20117,0,1,11.43811417,1974,676545.9834,5627949.644
1,1,1,0,443,510,15946.48828,4136.302734,94.86833191,20830.45898,0,0,22.17525864,128.5996704,670334.2674,5647334.999
1,1,0,0,362,806.1017456,19533.7793,1429.02063,108.1665421,33971.51172,1,0,36.99578094,1261.8573,685038.3295,5648355.281
1,1,1,0,152,840.5355225,7801.442383,678.8225098,94.86833191,18470.86719,0,0,35.86216354,1872,672044.7399,5639262.769
1,1,1,0,103,480,3817.080078,1718.13855,30,22950,0,1,10.62002277,279,677476.2404,5633291.119
1,1,1,0,196,1597.059814,3462.62915,2592.006836,335.4101868,8086.544434,0,0,35.70213699,65,662111.9959,5636201.923
1,1,0,1,140,483.7354736,10364.77246,496.5883484,271.6615601,26754.5,0,0,29.26552582,13,680447.0611,5640042.984
1,0,0,1,24,1149.82605,1355.322876,123.6931686,134.1640778,17465.38672,0,0,16.672472,1665,671114.4829,5627739.585
1,1,0,1,393,424.2640686,12150.59277,1602.404419,189.7366638,26005.29297,0,0,38.79524231,43,679096.688,5641933.507
1,1,0,1,321,30,4119.514648,1236.931641,212.1320343,25353,0,0,36.59968948,209,679876.9036,5633801.26
1,1,0,1,18,284.6049805,6638.071777,60,108.1665421,23185.82813,0,1,11.84062004,230,677536.257,5636261.94
1,1,0,1,264,1930.518066,3159.271973,1310.4198,174.9285583,12902.23242,0,0,22.39327812,116,666103.0985,5627469.511
1,1,0,0,394,531.6013794,6725.48877,742.7650757,120,25325.54492,1,0,31.88728714,353,679666.8456,5636471.998
1,1,0,0,352,2238.771973,14690.72168,1200,218.4032898,30344.53711,1,0,52.59118271,55,682997.7657,5643914.054
1,1,0,1,214,192.0937347,10140.2666,948.6832886,421.0700684,23975.53711,0,0,46.25410843,1116,677626.2818,5639832.926
1,1,0,1,49,127.2792206,849.5881348,692.6037598,234.3074951,16836.62891,0,0,62.44662094,1077,671324.5409,5632090.788
1,1,0,0,217,1513.439819,11997.89941,2289.650635,270,24172.07031,1,0,50.54540253,335,676996.1077,5642323.614
1,1,0,0,427,2462.925049,18843.46289,1690.680298,60,30753.78906,1,0,29.60155106,2494.65332,681377.3181,5648475.314
1,1,0,1,154,361.2478333,9549.241211,496.5883484,94.86833191,25562.57031,0,0,16.07910538,50,679396.7709,5639322.785
1,0,0,1,287,804.9844971,816.0882568,1531.176025,152.9705811,1615.549438,0,0,35.89118195,NA,654489.8902,5635871.832
1,1,0,0,262,150,10870.60254,997.2462158,241.8677368,25036.64844,1,0,22.54771614,1116,678496.5222,5640643.15
1,1,0,0,610,94.86833191,14288.63184,2637.612549,120,26154.01367,1,1,9.164134026,107,678346.4808,5644214.137
1,1,0,0,172,729.9315186,4217.321289,764.8529053,84.85281372,15963.27051,1,0,29.78853416,1109,670364.2757,5635391.699
1,1,0,1,450,2466.759033,14741.84863,1946.997681,150,22333.10156,0,0,17.82918549,48,673005.0052,5646164.676
1,1,1,0,56,2186.915527,1712.366821,1529.705811,30,6612.669434,0,0,48.52065659,138,661091.714,5634161.36
1,1,1,0,431,1789.972046,13899.61914,1154.512939,30,29941.62305,0,0,27.15583992,76,682847.7243,5643133.838
1,1,0,1,131,1120.089233,14205.34082,2254.994385,30,20568.45117,0,0,22.94439125,76,671234.5161,5645654.535
1,1,0,0,301,1368.539307,11614.80566,2161.874268,30,18107.92578,1,0,20.44924545,1872,670004.1762,5642923.78
1,1,1,0,199,1081.665405,17645.56055,2001.249634,169.7056274,31890.4375,0,0,17.72180939,919,683447.8901,5646854.866
1,1,0,1,72,241.8677368,7789.493164,150,228.4731903,21879.60742,0,0,55.06679153,1116,675885.801,5638152.462
1,0,0,1,389,1686.683105,15509.73926,1871.817261,108.1665421,28037.30664,0,0,31.81646919,74,679936.9202,5645264.427
1,0,1,0,12,510.8815918,3818.612305,84.85281372,30,14809.82422,0,0,20.68546486,1665,668623.7948,5628669.842
1,1,0,1,303,2634.027344,4140.108887,3696.701172,192.0937347,7795.498535,0,1,8.434526443,NA,661001.6892,5637882.387
1,1,0,0,126,724.9827881,1952.075806,2291.025879,189.7366638,23132.80078,0,0,34.57629013,83,677566.2653,5631130.522
1,1,1,0,595,2012.013916,16798.98242,3253.997559,90,27664.89648,0,0,49.72167206,315.9179077,678766.5969,5646794.85
1,1,0,1,50,201.2461243,3717.337646,174.9285583,60,17904.74805,0,0,35.07453156,1109,672344.8228,5635151.633
1,1,1,0,191,1041.393311,1520.85498,283.0194397,60,7806.977539,0,1,10.1351366,83,662322.0539,5633741.243
1,NA,1,0,431,2174.120605,16609.95117,2232.12915,84.85281372,24337.71094,0,0,18.86017418,479.2602234,674265.3534,5647905.156
1,1,1,0,232,234.3074951,18220.89453,2071.52124,90,32803.92578,0,1,5.067568302,2494.65332,684288.1222,5647214.966
1,1,0,0,345,30,11255.47852,993.1766968,127.2792206,22445.5332,1,0,17.94559097,986,675165.6021,5642233.59
1,0,0,0,270,201.2461243,2492.889893,636.3961182,150,9164.202148,1,0,38.30915833,59,663672.427,5633921.293
1,1,1,0,87,1398.463501,1472.752563,1862.901001,150,23602.14648,0,0,45.52434158,1974,677746.315,5628969.925
1,0,1,0,143,870,1701.82251,509.1168823,30,9611.102539,0,0,39.16913986,503,663222.3026,5629089.959
1,1,0,0,112,30,8317.144531,360,67.08203888,22940.03711,1,0,26.46332169,1116,676996.1077,5638032.429
1,1,0,0,195,1710.263184,15580.42969,2837.340332,67.08203888,22360.4668,1,0,27.40390015,174.9769745,672464.856,5647034.916
1,1,0,0,265,3134.533447,3600.999756,1215.647949,254.5584412,12383.35156,1,0,40.07563782,156,665172.8415,5626659.287
1,1,1,0,170,780,8749.514648,524.7856445,120,17333.0957,0,0,36.741642,399,670514.3171,5640103.001
1,1,0,1,56,551.5432739,1894.043335,595.4829712,42.42640686,12285.54004,0,0,37.44796371,6,666163.1151,5629270.008
1,0,0,1,302,3607.991211,4667.097656,276.5863342,123.6931686,9998.599609,0,1,8.856007576,1148,661961.9545,5626029.113
1,1,1,0,104,429.5346375,2635.393799,2884.995605,30,23450.90625,0,0,39.23553085,38,677956.373,5632210.821
1,1,0,1,195,553.1726685,11756.21094,474.3416443,84.85281372,28971.87695,0,0,30.55342484,46,682487.6248,5641003.25
1,1,0,0,451,1186.802368,15394.94043,2432.961182,30,27483.14453,1,0,39.00933456,46,679366.7627,5645174.402
1,1,1,0,82,216.3330841,9665.634766,120,67.08203888,22457.01953,0,0,44.162323,335,675915.8093,5640253.042
1,1,1,0,356,1129.690186,6830.058594,1221.556396,212.1320343,20343.73828,0,0,22.17525864,36,674385.3865,5637822.371
1,1,0,1,393,904.4888306,7179.031738,1317.953003,30,25061.2793,0,1,9.011387825,353,679336.7544,5636952.131
1,0,0,1,11,228.4731903,2752.81665,0,216.3330841,13183.52344,0,1,10.01457882,1665,667153.3886,5629420.05
1,0,0,1,243,4870.821289,5687.829102,1166.919067,84.85281372,12577.12207,0,1,12.59336662,260,664062.5348,5624528.698
1,1,1,0,78,150,10179.24316,94.86833191,30,21380.97266,0,0,64.19760895,986,674385.3865,5641333.341
1,1,0,0,92,426.380127,2674.210205,1425.236816,30,20102.97656,1,0,29.57809448,1410,674565.4363,5631610.655
1,1,0,1,312,0,6208.550781,134.1640778,67.08203888,25914.18359,0,0,32.44826889,353,680327.0279,5635841.824
1,0,1,0,127,480,768.374939,3520.369385,30,25252.03516,0,1,0.589092851,1974,679456.7875,5629179.983
1,1,0,1,219,120,18138.91406,2429.814697,67.08203888,33141.08203,0,0,19.74999237,1261.8573,684768.2549,5646974.899
1,0,0,1,329,713.0918579,2001.924072,630.7138672,67.08203888,8246.454102,0,0,33.17801285,56,662742.17,5634071.335
1,1,0,0,258,4248.152344,4791.179199,1615.549438,30,12802.65625,1,1,10.08364582,356,664962.7835,5625428.947
1,0,0,1,18,469.5742798,1741.03418,256.3200989,84.85281372,17656.34375,0,1,10.62002277,1665,671834.6819,5629720.133
1,1,0,0,323,1355.322876,7011.854492,1462.942261,362.491394,20038.67578,1,0,57.15111542,19,673995.2787,5638152.462
1,1,0,1,248,1021.763184,1650.817993,4660.922852,108.1665421,26168.96094,0,0,40.33888245,497,680537.086,5630320.298
1,1,1,0,198,785.1751099,11237.67285,1266.056885,67.08203888,19119.43945,0,0,46.77263641,1872,671264.5244,5642683.714
1,1,1,0,8,757.1657715,2876.560547,657.951355,30,21811.48633,0,1,7.093617439,1410,676125.8673,5630170.257
1,1,0,1,147,1005.783264,1436.55835,3961.022705,90,25232.62109,0,0,20.41527557,141,679666.8456,5631040.497
1,1,0,0,34,750,7464.154297,90,180,17645.76367,1,0,18.41327477,1872,671294.5326,5638902.669
1,1,0,0,261,1950.922852,3902.883545,3009.584717,67.08203888,8068.661621,1,0,18.62875175,33,661601.855,5637282.222
1,1,0,1,88,1441.249512,2163.330811,882.8363647,42.42640686,22569.35352,0,0,22.45518112,1974,676816.058,5629660.116
1,1,1,0,139,1747.741455,1934.244019,570,30,11770.40332,0,0,28.57555771,19,665292.8746,5628429.776
1,1,1,0,97,182.4828796,5974.822266,492.0365906,30,17595.37695,0,1,4.712742805,1252,671654.6321,5637432.263
1,1,0,0,156,2940.153076,16443.61328,730.5477295,247.3863373,30027.61719,1,0,69.72480774,170,681797.4341,5645984.626
1,1,1,0,182,750,2402.436279,750,30,16713.87695,0,1,8.836393356,1077,671234.5161,5633771.252
1,0,1,0,29,1400.714111,3230.123779,768.374939,30,13461.41113,0,0,35.46808624,1665,667723.5461,5630560.365
1,1,1,0,113,270,2254.994385,4706.846191,30,26422.7793,0,0,17.80971146,131,680447.0611,5628069.677
1,0,1,0,446,615.5485229,6180.655273,1168.460571,182.4828796,14713.00488,0,0,18.49789047,1252,668833.8529,5636832.097
1,1,0,1,66,60,8600.586914,182.4828796,84.85281372,21899.28125,0,0,54.98796082,16,675645.7347,5639202.752
1,1,0,1,216,1480.067627,2022.498413,1273.499146,60,18450.02344,0,0,31.37714577,1077,672974.9969,5633171.086
1,1,1,0,94,283.0194397,7805.76709,120,30,22665.75,0,0,43.2331543,1116,676816.058,5637522.288
1,1,0,0,72,420,6460.596191,60,174.9285583,15858.08594,1,0,24.15999031,1252,669824.1264,5637582.305
1,0,1,0,135,1081.665405,1148.651367,577.0615234,30,5730,0,0,21.09248543,325,660251.4819,5633321.127
1,1,0,1,359,1050,10920.16504,1110.405273,123.6931686,28296.63281,0,1,12.08717537,79,681977.4839,5640283.051
1,1,1,0,573,2370.189941,14806.17773,1358.307739,240,22895.20898,0,1,8.247300148,40,673665.1876,5646164.676
1,1,0,0,199,120,6586.144531,258.0697632,150,16516.38281,1,0,18.48850822,1252,670424.2922,5637882.387
1,1,0,0,537,270,13495.73242,1723.629883,84.85281372,24952.82422,1,1,6.664824963,112,677176.1575,5643884.045
1,1,0,0,229,2773.661865,15716.33594,724.9827881,120,30579.66992,1,0,49.44521332,188,682817.716,5645024.361
1,1,0,1,637,60,14770.39258,2105.350342,169.7056274,26108.91211,0,0,22.50920677,19,677956.373,5644934.336
1,0,0,1,13,458.9117432,1090.779541,201.2461243,60,11187.10449,0,1,9.220762253,1730,665442.9161,5630770.423
1,1,0,1,90,750,7820.799316,330,90,24241.35547,0,0,48.2121315,353,678406.4974,5637582.305
1,1,1,0,189,375.8989258,4500.100098,831.9254761,123.6931686,24495.45508,0,0,27.50502205,209,679006.6632,5634281.393
1,1,0,1,44,1200,933.3809814,740.9453125,90,6573.355469,0,0,34.0350914,77,661091.714,5632991.036
1,1,1,0,253,2948.101074,1974.082031,2162.082275,308.8688965,6436.101074,0,0,23.7470932,30,660551.5648,5635661.774
1,1,1,0,558,740.9453125,14473.71777,1020.441101,174.9285583,25199.44727,0,0,46.90969849,122,676876.0746,5645054.369
1,1,0,0,227,284.6049805,7365.656738,268.3281555,218.4032898,14846.96973,1,0,61.08697128,1252,668623.7948,5638062.437
1,1,0,0,126,480,513.5172729,2975.449463,30,24704.59375,0,0,18.2903614,1974,678916.6383,5629270.008
1,1,1,0,539,827.586853,13843.00879,375.8989258,67.08203888,24300.9082,0,0,39.16470718,115,676065.8508,5644664.261
1,1,0,1,494,2663.080811,15824.33887,403.6087341,60,32667.96094,0,0,32.93129349,66,685338.4124,5644274.153
1,0,0,1,197,1435.618286,14539.4502,360,123.6931686,28907.20703,0,0,18.2903614,51,681377.3181,5644124.112
1,1,0,0,133,127.2792206,12995.85352,296.9848633,134.1640778,28177.33203,1,0,15.86181068,28,681167.2601,5642593.689
1,1,0,0,205,2742.006592,4467.986328,2312.336426,90,13752.47266,1,0,23.65924835,90,666463.198,5626179.154
1,1,1,0,375,780,17968.22266,2600.5,499.2994995,34540.20313,0,0,42.66350174,328,686688.7854,5646014.634
1,0,0,1,133,0,364.9657593,3396.498291,123.6931686,25052.875,0,1,11.73759174,1974,679336.7544,5629720.133
1,1,1,0,130,201.2461243,3311.570557,2201.681152,30,23341.92773,0,1,7.658207417,279,677866.3482,5632901.011
1,1,1,0,88,318.9043884,9608.855469,550.7268066,42.42640686,20529.05469,0,0,35.89118195,1872,673635.1793,5640913.225
1,1,0,0,234,1100.227295,8295.746094,657.951355,30,16891.14648,1,0,29.24773407,399,670244.2425,5639592.86
1,1,0,1,306,1268.897217,13512.16113,807.7747192,42.42640686,29400.13867,0,0,55.11403656,76,682367.5917,5642863.764
1,1,0,1,330,2061.940918,2954.200439,551.5432739,189.7366638,8197.030273,0,0,25.52206993,786,660371.5151,5626929.362
1,0,1,0,312,403.6087341,6788.755371,674.1661377,192.0937347,14888.52539,0,0,60.41290283,1252,668833.8529,5637522.288
1,1,1,0,168,241.8677368,9784.600586,1247.798096,30,19327.12695,0,0,36.97701645,1872,672194.7813,5641243.316
1,1,0,1,202,904.4888306,12333.24805,390,90,29554.61328,0,0,20.31302834,46,682967.7575,5641453.374
1,0,1,0,453,1905.177124,5095.144531,1972.257568,212.1320343,12993.3252,0,1,12.49654675,1590,667483.4798,5634341.409
1,1,1,0,192,1320.34082,8792.201172,551.5432739,90,16812.47656,0,0,53.32510757,399,669974.1679,5640042.984
1,1,0,1,365,2040.882202,16384.64258,1056.834839,90,32542.91992,0,0,42.41877747,47,684918.2963,5645054.369
1,1,0,1,494,2496.497559,15465.10938,1761.845581,212.1320343,23268.96094,0,0,42.33688736,73,673695.1958,5646824.858
1,1,1,0,183,67.08203888,11714.03027,600,123.6931686,21843.40039,0,0,22.11257172,986,674175.3285,5642953.789
1,1,1,0,255,852.7602539,10883.38672,1194.738525,342.0526123,23390.86328,0,0,31.00442314,335,676545.9834,5641303.333
1,1,0,1,342,553.1726685,14572.00391,2870.139404,30,20283.41602,0,0,63.16493225,99,670664.3586,5645984.626
1,0,0,1,46,1542.011719,3237.360107,1083.74353,84.85281372,15187.02441,0,1,8.49601841,160,668143.6622,5626419.221
1,1,1,0,142,1711.052368,14460.12402,2162.706543,189.7366638,21218.14648,0,0,52.95286179,99,671834.6819,5645924.609
1,1,1,0,123,4653.482422,4961.622559,450.9989014,30,11798.08887,0,0,32.29282379,356,663672.427,5625308.914
1,1,0,0,52,210,6822.939453,150,134.1640778,17632.98242,0,0,48.88051224,98,671474.5824,5638272.495
1,1,1,0,276,657.951355,17829.29102,2373.604736,60,33866.1875,0,0,34.09112549,328,685878.5616,5646224.692
1,1,0,1,130,313.209198,8235.969727,342.0526123,189.7366638,20691.95508,0,0,36.43338013,986,674355.3782,5639322.785
1,1,0,0,148,474.3416443,1747.483887,722.4956665,60,19195.21875,1,0,42.66350174,1077,673605.171,5631100.514
1,1,0,1,344,30,13376.66992,1235.839844,218.4032898,27447.37695,0,0,33.84593582,67,680206.9948,5643103.83
1,1,0,0,206,531.6013794,7316.864258,607.4536743,192.0937347,20936.66797,1,0,37.09414291,36,674925.5357,5638122.454
1,1,0,1,19,724.9827881,3017.051514,818.8406372,60,16099.68945,0,1,4.857784271,396,668503.7617,5625008.831
1,1,1,0,436,755.3806763,20051.51563,977.1898193,120,34079.32813,0,0,36.64233398,2494.65332,684858.2797,5648955.447
1,1,0,0,310,30,11280.63867,1023.962891,161.5549469,25733.39063,1,0,19.23367882,1116,679096.688,5641063.266
1,1,1,0,663,1116.064575,14365.52148,335.4101868,295.4657288,24633.14258,0,0,19.61776543,115,676185.8839,5645174.402
1,NA,1,0,325,3672.274414,3487.491943,3770.225342,271.6615601,6646.540527,0,0,50.82953262,143.2458649,659891.3824,5637522.288
1,1,0,0,356,1500.299927,14922.58008,1291.394653,30,28244.19922,1,0,53.16542816,15,680447.0611,5644634.253
1,0,1,0,290,2489.2771,3263.525635,726.2230835,60,8664.132813,0,0,31.94708824,503,661541.8384,5627769.594
1,1,1,0,442,0,11905.2002,1386.830933,174.9285583,22767.5293,0,0,34.83626556,986,675225.6186,5642893.772
1,0,0,1,30,152.9705811,4832.235352,417.8516541,60,17253.02539,0,1,11.43811417,118,668233.6871,5622308.085
1,1,0,1,280,0,3260.490723,2043.526367,150,25171.14453,0,1,4.712742805,61,679696.8538,5632961.028
1,1,0,0,25,335.4101868,9063.625,30,30,18037.58594,1,0,27.50502205,1872,671114.4829,5640493.109
1,1,1,0,174,60,12404.8457,530.7541504,108.1665421,22087.58008,0,0,55.11403656,986,674085.3036,5643673.987
1,1,0,1,372,421.0700684,6743.129883,342.0526123,42.42640686,25854.64063,0,0,26.82798958,353,680206.9948,5636411.981
1,1,1,0,104,2430.740723,5259.249023,1591.131714,42.42640686,14868.77637,0,0,32.05011749,127,666493.2062,5623988.549
1,1,0,0,353,865.8521729,8256.924805,466.6904907,90,15280.87012,1,0,98.69020081,399,668713.8197,5639082.719
1,1,1,0,74,483.7354736,3186.502686,510.8815918,67.08203888,19504.52344,0,0,20.71899223,1410,674025.287,5633831.268
1,1,1,0,207,4660.922852,4834.562988,1020,67.08203888,12281.10742,0,1,14.77437401,356,664302.6011,5625368.931
1,1,1,0,262,953.414917,11605.96875,1994.041138,127.2792206,24175.17969,0,0,47.26346207,335,677206.1658,5641783.465
1,NA,1,0,676,60,9960.949219,900,94.86833191,13963.50977,0,1,4.165515423,48.78559113,666073.0902,5641453.374
1,1,1,0,233,797.119812,12740.99707,488.364624,30,28785.30859,0,0,21.72467232,55,681947.4756,5642173.573
1,1,0,1,85,0,11353.52344,150,108.1665421,26852.74805,0,0,18.62875175,41,680267.0114,5641063.266
1,1,0,1,307,1301.460693,16985.66992,1955.760742,30,32041.4043,0,0,19.50244331,25,683988.0393,5646014.634
1,1,1,0,19,641.3267212,4433.610352,150,30,20525.10938,0,0,15.46298599,21,675015.5606,5634611.484
1,1,1,0,256,1578.923706,18718.58203,1183.38501,42.42640686,31462.11914,0,0,34.63645554,2494.65332,682307.5751,5648205.239
1,1,1,0,160,371.0794983,3526.37207,2013.578857,42.42640686,23880,0,0,27.93070602,71,678406.4974,5633261.111
1,0,0,1,509,1358.307739,9837.255859,1382.931641,42.42640686,27492.73633,0,0,17.40567589,51,681377.3181,5639322.785
1,1,1,0,69,210,8286.573242,212.1320343,30,18177.74805,0,0,62.23508835,1872,671564.6073,5639742.901
1,0,0,0,236,1771.016602,2892.78418,787.4642944,94.86833191,9098.263672,1,0,18.62875175,503,662322.0539,5628309.743
1,0,0,1,508,540.8327026,9078.904297,721.2489014,30,26858.11133,0,1,5.033211708,146.4320374,680867.1772,5638662.603
1,1,0,1,423,1086.64624,9625.55957,1288.603882,94.86833191,26916.73828,0,0,31.12730217,68,680807.1606,5639232.761
1,1,1,0,24,308.8688965,2592.006836,192.0937347,30,19813.38281,0,0,18.72166443,85,674025.287,5629690.124
1,1,0,1,7,0,3360.134033,42.42640686,212.1320343,17397.23242,0,1,13.23821545,1109,671864.6902,5634821.542
1,1,1,0,137,782.3042603,2647.149414,846.9356689,108.1665421,12921.36621,0,0,47.29281998,26,666583.2311,5628549.809
1,1,0,1,106,335.4101868,10033.19531,394.5883789,169.7056274,26164.74805,0,0,50.04862976,55,679906.9119,5639772.91
1,1,0,1,377,30,12768.33984,1204.865112,94.86833191,27128.24609,0,0,22.17525864,42,680086.9616,5642503.664
1,1,0,1,290,1380,4140.978027,2431.666016,30,8506.521484,0,0,28.72092056,48,662172.0125,5637132.18
1,1,1,0,638,339.4112549,14762.95703,1590.282959,161.5549469,25747.21875,0,0,46.2390976,122,677446.2321,5645144.394
1,1,0,1,39,2235.754883,2271.299072,212.1320343,123.6931686,11682.67969,0,0,38.40415573,156,664992.7917,5627979.652
1,1,1,0,68,1005.783264,6338.596191,361.2478333,127.2792206,18802.98828,0,0,43.5809288,86,672824.9554,5637732.346
1,1,1,0,41,335.4101868,3231.238037,907.9647827,30,20666.92969,0,0,27.80618095,1410,675045.5689,5630740.414
1,1,1,0,479,2753.470459,15270.58984,1005.783264,60,23862.58203,0,0,31.77280998,86,674595.4445,5646494.767
1,1,0,0,102,241.8677368,4819.460449,295.4657288,60,19109.08203,1,0,31.61404037,48,673455.1295,5636021.874
1,1,0,1,32,660,2749.872803,450,127.2792206,17717.17773,0,1,8.183939934,1077,672224.7896,5634191.368
1,1,0,0,248,90,10872.17578,816.0882568,241.8677368,22483.99414,1,0,22.98217392,986,675405.6684,5641753.457
1,0,0,0,301,2166.033203,4058.435547,2722.076416,67.08203888,13023.45605,1,0,39.00933456,1730,667543.4964,5632901.011
1,1,0,1,160,2281.775635,15314.96289,210,161.5549469,29794.77344,0,0,34.3143425,34,682067.5088,5644784.294
1,1,0,1,15,750,362.491394,108.1665421,150,6974.983887,0,1,12.49654675,9,661421.8052,5632180.812
1,1,1,0,314,1015.135437,12650.22168,2187.532959,276.5863342,24490.01563,0,0,26.0802536,43,677056.1243,5643013.805
1,0,0,0,316,1187.939453,8519.418945,94.86833191,216.3330841,14697.7041,1,0,70.6567688,399,668083.6456,5639082.719
1,1,0,1,302,1194.361694,17254.69531,1893.805664,30,33074.875,0,0,27.23877716,118,685158.3626,5645894.601
1,1,1,0,204,3732.077148,5272.665527,2206.173096,42.42640686,13432.63184,0,0,28.28259277,113,665442.9161,5625008.831
1,1,1,0,308,1832.948486,15789.06543,2525.17334,84.85281372,22907.5293,0,0,49.51535034,64,673005.0052,5647214.966
1,1,1,0,229,4106.494629,6004.797852,1908.009399,42.42640686,13326.01172,0,1,11.19276428,260,664752.7254,5624198.607
1,1,1,0,130,276.5863342,8441.895508,271.6615601,192.0937347,17743.82617,0,0,33.74324799,399,671054.4663,5639862.935
1,1,1,0,328,1083.74353,15817.28516,3571.134277,42.42640686,21648.0293,0,0,33.61960602,174.9769745,671414.5658,5647274.982
1,1,0,0,387,371.0794983,8651.294922,1030.970459,30,19821.10156,1,1,12.97342491,1872,673215.0632,5640012.976
1,1,0,1,207,445.9820557,3510.128174,1760.82373,182.4828796,24480,0,0,33.01548767,71,679006.6632,5633291.119
1,1,1,0,272,833.5466309,13215.43457,2212.080566,67.08203888,19369.36328,0,0,30.29678917,82,670484.3088,5644604.244
1,1,0,0,60,174.9285583,2354.76123,362.491394,30,15425.71875,1,0,40.57477188,1109,669944.1596,5632780.978
1,1,0,1,147,684.1052246,4357.441895,1341.640747,192.0937347,14550,0,0,18.86017418,1109,669013.9026,5634731.517
1,1,1,0,100,474.3416443,7290,284.6049805,42.42640686,18172.30078,0,0,45.08773804,98,671894.6984,5638752.628
1,1,0,1,424,2884.05957,14687.38281,1200.749756,60,31043.98438,0,0,21.24004555,56,683837.9979,5643643.979
1,NA,0,1,414,3504.739746,14933.52246,366.1966553,42.42640686,31942.16797,0,0,46.65749359,103.3588562,684828.2714,5643523.946
1,0,1,0,308,726.2230835,1041.393311,1405.844971,169.7056274,18180.3457,0,1,10.83034039,1077,672674.914,5632150.804
1,1,0,0,216,1800.25,9089.356445,127.2792206,108.1665421,15825.73242,1,0,81.37162018,399,668893.8694,5640042.984
1,1,0,1,406,2006.639038,14024.1582,1540.55188,94.86833191,21562.6543,0,1,0.589092851,99,672524.8725,5645474.485
1,1,0,1,427,420,13097.08789,2600.5,108.1665421,18867.35352,0,0,47.16423416,16,670004.1762,5644424.195
1,1,0,0,173,240,4331.027832,1018.675598,150,16597.34961,1,0,59.38161087,1109,670964.4415,5635691.782
1,1,0,0,353,1142.365967,17362.53711,1930.518066,150,33839.58594,1,0,34.93574142,118,686088.6196,5645624.526
1,1,1,0,51,674.1661377,9555.365234,174.9285583,30,18094.94922,0,0,26.86676788,1872,670964.4415,5640973.241
1,1,0,0,195,421.0700684,11972.74414,684.1052246,318.9043884,21495.49805,1,0,23.92181206,986,673605.171,5643313.888
1,1,0,0,382,617.737793,10904.20605,697.7822266,94.86833191,15301.91211,1,0,54.53485489,146,667543.4964,5641573.407
1,1,0,1,335,2286.503906,14116.45801,1309.732788,42.42640686,30547.75,0,0,41.5258255,24,683477.8984,5643163.847
1,1,1,0,165,2265.148926,9603.374023,201.2461243,60,16247.31934,0,0,46.00962448,1872,669073.9192,5640643.15
1,1,1,0,126,891.9641113,2722.076416,630,30,18813.44531,0,0,45.94168854,1410,673335.0964,5633771.252
1,1,1,0,415,859.0692749,12073.05273,2490.7229,152.9705811,17932.09766,0,0,60.6078949,1872,669584.0601,5643313.888
1,1,0,1,296,2760,3314.830322,3543.176514,90,7260.062012,0,0,19.47573471,67.70976257,660791.6311,5637072.164
1,1,0,1,90,169.7056274,9249.053711,351.1409912,150,23750.37695,0,0,20.31302834,1116,677626.2818,5638932.678
1,1,0,1,622,750,15376.30957,1974.082031,150,26259.20313,0,1,12.14446068,169.6901093,677746.315,5645684.543
1,1,0,0,138,2460.182861,3265.455566,1064.048828,120,12613.77832,1,0,68.3195343,156,665652.9741,5627139.42
1,1,0,1,278,120,18376.48828,2919.263672,271.6615601,34299.39453,0,1,13.96535301,1261.8573,686148.6362,5646704.825
1,1,1,0,496,630,12009.5957,1956.450928,67.08203888,25389.32422,0,0,16.8793354,111,678496.5222,5641783.465
1,1,0,0,177,1297.998413,3164.253418,1422.392334,108.1665421,13235.74707,1,1,13.75251102,116,666643.2477,5627859.619
1,1,0,1,33,30,2040.220581,134.1640778,123.6931686,16170.25,0,1,11.06805038,1077,670694.3668,5633111.069
1,1,0,0,245,4478.146973,5281.363281,1471.223999,42.42640686,12807.22461,1,0,28.32550621,260,664632.6923,5624918.806
1,1,0,0,140,458.9117432,1384.232666,3820.379639,150,25560.98633,0,0,52.19375992,131,679666.8456,5628579.818
1,1,0,0,190,1537.335327,3010.332275,2124.923584,123.6931686,7776.020996,1,0,46.6723671,160,661991.9627,5635571.749
1,1,1,0,110,901.9978027,12384.58691,30,254.5584412,20890.19141,0,0,30.55342484,139,672674.914,5643824.029
1,0,1,0,202,270,5372.345703,492.0365906,210,16562.0918,0,0,60.0759201,1252,670754.3834,5636712.064
1,NA,0,1,351,1116.467651,19673.64258,2308.246094,123.6931686,34732.27734,0,0,17.98422432,1261.8573,685968.5865,5648175.231
1,1,1,0,571,3284.417725,17961.58398,2706.325928,201.2461243,29771.03711,0,0,41.62598801,58,680687.1274,5647665.09
1,1,0,0,66,0,10140.04395,161.5549469,67.08203888,25272.8418,1,0,28.49651146,1116,678946.6466,5639922.951
1,1,1,0,439,674.1661377,4401.931152,1500,108.1665421,9175.930664,0,0,35.66323471,29,663162.2861,5636502.006
1,NA,0,1,411,3841.054443,2928.651611,3216.861816,182.4828796,6240.072266,0,1,12.59336662,201.5625153,659711.3327,5636982.139
1,1,1,0,252,201.2461243,19028.25586,1382.931641,42.42640686,33328.32422,0,0,22.54771614,2494.65332,684498.1802,5647995.181
1,0,0,0,293,60,5655.29834,690.6518555,67.08203888,16064.8252,1,0,65.4397049,1252,670214.2342,5636862.106
1,1,1,0,223,30,11722.13281,852.7602539,218.4032898,26432.06055,0,0,19.32368279,43,679696.8538,5641483.382
1,0,0,0,149,2460,2979.530273,201.2461243,67.08203888,10291.09277,1,0,15.7189579,1148,663252.3109,5627499.519
1,0,0,0,30,2456.521973,2777.22876,2811.689941,161.5549469,23960.31055,0,1,13.0401268,1974,677746.315,5627289.461
1,1,0,0,60,1705.784302,2928.651611,3734.488037,169.7056274,24936.78516,0,0,15.36166286,1974,678646.5637,5626869.345
1,0,0,1,273,276.5863342,1721.540039,570,169.7056274,8520.210938,0,0,19.11604118,77,663042.2529,5633471.169
1,1,0,1,91,108.1665421,7819.648438,241.8677368,30,23181.22656,0,0,38.40415573,25,677356.2072,5637432.263
1,1,0,1,223,1389.748169,14072.39844,502.8916321,30,29513.81055,0,0,20.69385147,76,682277.5668,5643463.929
1,1,1,0,138,391.1521301,9474.729492,301.4962769,276.5863342,22735.26953,0,0,19.79387093,1116,676335.9254,5639832.926
1,1,0,0,357,967.4709473,15282.57813,3379.36377,30,20778.22266,0,0,24.7769413,238.8150024,670754.3834,5646704.825
1,1,1,0,77,90,2348.82959,4490.790527,30,26142.94727,0,1,5.92031002,221,680086.9616,5627709.577
1,1,0,0,268,391.1521301,4710.095703,589.4064941,212.1320343,25220.63477,1,0,32.58700562,209,679726.8621,5634431.434
1,1,1,0,74,615.5485229,6132.414063,90,60,18242.98438,0,0,52.91680527,86,672284.8062,5637582.305
1,1,0,0,365,725.6032104,7607.056152,993.6296997,42.42640686,20168.05664,1,0,90.92854309,22,673965.2705,5638782.636
1,1,0,0,330,1415.097168,15600.0293,3216.022461,120,21935.92969,1,0,43.84687424,174.9769745,671924.7067,5647064.924
1,1,0,1,408,408.0441284,5072.928223,324.4996033,60,10369.1123,0,1,9.804459572,47,664362.6177,5636682.056
1,1,0,0,248,635.6885986,10950,684.1052246,84.85281372,27651.75,1,0,77.29473114,49,681257.2849,5640493.109
1,1,0,1,183,750,3521.391846,342.0526123,256.3200989,9821.736328,0,0,17.68260193,48,664242.5845,5634821.542
1,1,0,1,448,924.175293,7248.461914,364.9657593,30,26093.10156,0,0,22.17525864,353,680387.0445,5636892.114
1,1,1,0,14,1760.82373,2985.113037,1612.761597,67.08203888,21566.32813,0,1,6.344724178,1974,675435.6767,5627919.635
1,1,0,1,245,1248.879517,14923.30371,2824.623779,189.7366638,20998.56445,0,0,66.13076019,132,671264.5244,5646374.734
1,1,1,0,103,913.8927612,11260.35547,84.85281372,123.6931686,20997.64258,0,0,41.92918015,986,673395.1129,5642623.697
1,0,0,1,126,268.3281555,1008.017883,898.9994507,30,6378.722656,0,0,29.25366592,1281,660401.5234,5630710.406
1,1,1,0,371,1935.406982,17948.57617,1934.244019,241.8677368,30965.8125,0,0,20.31302834,919,682127.5253,5647455.032
1,0,0,1,310,361.2478333,123.6931686,993.1766968,30,4718.686035,0,0,23.7470932,946,657220.6446,5628669.842
1,1,0,1,256,1777.10437,15060.47852,2742.498779,258.0697632,21502.88672,0,0,29.60155106,132,671774.6653,5646524.775
1,1,0,0,49,1770,2310.779053,84.85281372,30,10104.12305,1,0,48.2121315,1148,663372.3441,5628189.71
1,1,1,0,179,1780.898682,13261.22168,1002.646484,108.1665421,20793.46289,0,0,45.45568085,85,672074.7482,5644724.278
1,1,1,0,126,2862.446533,5788.134277,1908.952637,174.9285583,14532.42285,0,1,2.945464373,128,665983.0653,5623838.508
1,1,1,0,113,218.4032898,8941.811523,445.9820557,30,18556.83789,0,0,37.26216125,1872,671714.6487,5640403.084
1,0,0,1,132,684.1052246,1110.405273,523.9274902,169.7056274,10066.64258,0,0,15.94908428,1148,663822.4684,5629330.025
1,1,1,0,403,764.8529053,12518.09082,2270.704834,67.08203888,25590.12305,0,0,42.88660812,111,678526.5305,5642293.606
1,1,0,0,247,150,4001.262207,1239.112549,169.7056274,24752.61719,1,0,37.86726379,209,679276.7378,5633771.252
1,1,1,0,198,4893.311523,6021.935059,1020,42.42640686,12326.34961,0,0,37.11752701,260,663522.3855,5624258.624
1,1,0,0,433,1489.463013,13655.93262,1132.077759,30,21675.07813,0,1,8.012529373,98,672884.972,5645084.377
1,1,0,1,69,1641.249512,3628.015869,1560,42.42640686,15188.09082,0,1,10.83034039,35,667753.5544,5625548.98
1,1,1,0,294,3558.005127,4283.17627,1690.946533,108.1665421,12850.15918,0,0,69.63516235,117,665352.8912,5625999.105
1,NA,0,1,661,2534.423096,17305.11133,3437.586426,201.2461243,27939.19922,0,1,4.248009205,138.6790466,678796.6051,5647334.999
1,1,1,0,417,331.3608398,19376.95703,757.1657715,60,32724.62305,0,0,50.33211517,2494.65332,683507.9067,5648625.355
1,1,0,1,212,1130.884644,14404.53027,870.5170898,67.08203888,28411.58398,0,0,16.58900642,51,680867.1772,5644064.095
1,1,1,0,58,270,1363.598145,961.8731689,189.7366638,4283.17627,0,0,17.12427139,57,658721.0591,5632360.862
1,1,1,0,114,318.9043884,1436.55835,662.7216797,30,3266.833252,0,0,27.23877716,946,656410.4208,5629900.182
1,1,1,0,96,655.2098999,2473.863281,4178.731934,30,25717.21094,0,0,28.43555641,276,679576.8207,5627379.486
1,1,0,0,48,835.7033081,2741.842529,456.9463806,152.9705811,18221.95703,1,0,40.35608673,1077,672734.9306,5634071.335
1,0,0,1,236,30,1671.944946,1347.664673,134.1640778,19076.7207,0,1,12.3849678,50,673545.1544,5631730.688
1,1,1,0,262,1110.405273,13015.22949,510,30,21210.76367,0,0,55.61236191,139,672704.9223,5644454.203
1,1,1,0,124,60,8595.143555,391.1521301,150,22717.8457,0,0,47.73106384,1116,676636.0083,5638632.595
1,1,1,0,189,3454.041016,5825.409668,2496.497559,67.08203888,13828.92578,0,1,4.857784271,48,665562.9493,5624468.682
1,1,0,1,200,349.8571167,12583.77539,436.8065796,30,27720.58398,0,0,32.42152023,82,680807.1606,5642233.59
1,0,0,0,132,1140,1170.384521,3115.381104,192.0937347,24847.625,0,0,30.92597198,1974,678946.6466,5628609.826
1,1,0,0,166,551.5432739,1440.3125,4476.438477,67.08203888,26118.85547,0,0,49.0682869,497,680417.0528,5629750.141
1,1,0,0,175,912.4143677,7235.910645,700.3570557,60,18836.41602,1,0,36.89245605,98,672614.8974,5638662.603
1,1,0,0,40,2250.199951,2317.002441,1761.845581,67.08203888,23243.20508,1,1,9.44387722,1974,677236.1741,5628249.726
1,1,0,1,371,2451.203857,17608.23633,1913.661377,67.08203888,30442.32813,0,1,3.003796101,54,681677.401,5647184.957
1,1,1,0,69,1381.955078,1444.991333,1110,30,6270,0,0,55.02581406,138,660791.6311,5633411.152
1,1,1,0,128,1706.575562,9313.393555,150,30,16668.36914,0,0,34.83626556,1872,669614.0684,5640493.109
1,1,0,0,350,276.5863342,12833.62012,1381.303711,192.0937347,24053.93945,1,0,34.19784164,112,676365.9337,5643493.938
1,1,1,0,228,84.85281372,7124.668457,300,301.4962769,15835.02734,0,0,54.86475754,1252,669614.0684,5638212.479
1,1,0,0,109,120,11816.34473,150,42.42640686,28429.52344,0,0,32.93129349,23,681857.4507,5641243.316
1,0,0,0,47,2922.499023,2982.09668,2423.324219,30,23414.8418,0,1,6.586258411,1974,677206.1658,5627379.486
1,0,1,0,8,161.5549469,3314.830322,67.08203888,150,13737.77246,0,1,4.165515423,1665,667603.513,5628999.934
1,1,0,1,96,1124.499878,1261.427734,1782.414063,84.85281372,23449.6582,0,0,25.94684982,1974,677716.3067,5629720.133
1,1,1,0,291,1462.942261,10319.52051,384.1874695,42.42640686,15739.51074,0,0,40.16645813,88,668263.6954,5641123.283
1,1,0,1,172,2845.41748,16135.00879,792.0227051,134.1640778,29518.49023,0,0,15.36166286,45,681347.3098,5645744.559
1,1,1,0,211,391.1521301,10924.69727,424.2640686,84.85281372,20313.08008,0,0,57.52635956,1872,672764.9389,5642353.623
1,1,1,0,196,1194.738525,6141.213379,1500.299927,228.4731903,20140.90625,0,0,29.29515648,38,674325.3699,5637102.172
1,1,1,0,130,402.4922485,4448.20166,480,67.08203888,17280.33789,0,0,18.72166443,1109,671624.6238,5635901.84
1,1,1,0,174,134.1640778,9199.391602,391.1521301,42.42640686,22843.89258,0,0,37.13154602,1116,676575.9917,5639382.802
1,1,0,1,619,3602.124268,18375.33594,2848.104736,42.42640686,29603.3125,0,1,12.37094975,919,680267.0114,5648115.214
1,1,0,1,152,295.4657288,7079.618652,362.491394,403.6087341,16414.68945,0,1,10.86233616,1252,670184.2259,5638332.512
1,1,1,0,167,3302.181152,6297.428223,349.8571167,150,11374.15527,0,0,44.2172966,1624,661931.9462,5623958.541
1,1,0,1,348,1050.428467,8425.888672,1353.661743,120,25559.04883,0,0,28.88958549,24,679636.8373,5638182.47
1,1,1,0,136,590.9314575,10457.22754,1158.79248,152.9705811,18796.62109,0,1,11.61872768,1872,671294.5326,5641903.498
1,1,0,1,89,408.0441284,4955.905762,666.1080933,150,22458.04102,0,0,38.64736557,279,676966.0995,5634311.401
1,1,0,1,75,750,7612.023438,67.08203888,218.4032898,16309.87695,0,0,95.95706177,1252,669914.1513,5638812.644
1,1,0,0,250,1722.846436,17674.30273,1812.456909,371.0794983,31181.12891,1,0,29.60155106,919,682547.6414,5647094.933
1,1,0,1,48,2741.842529,3287.704346,3097.418213,60,23909.69922,0,0,25.33784294,1974,677566.2653,5626809.328
1,0,0,0,313,1152.562378,4815.724121,1425.236816,450,15069.97656,1,0,30.72332573,1109,669434.0187,5635601.757
1,1,0,1,370,982.7003784,13341.2334,573.1491699,161.5549469,21919.67578,0,0,43.32937241,82,673365.1047,5644724.278
1,1,0,0,114,432.6661682,1026.157837,4056.106445,60,25634.27539,0,0,30.90913582,497,679966.9285,5630050.224
1,1,1,0,197,1140,11796.44824,174.9285583,42.42640686,20286.14648,0,0,32.95762634,986,672284.8062,5643253.871
1,1,0,0,241,2023.388306,902.496521,924.175293,67.08203888,5800.25,1,0,33.03650284,325,660251.4819,5634311.401
1,1,0,1,158,510,5410.822266,778.8452759,84.85281372,19511.07422,0,0,85.62136078,32,673785.2207,5636532.014
1,1,0,0,308,241.8677368,10668.87109,1116.064575,660.6814575,24450.46094,1,0,18.34719276,1116,677956.373,5640403.084
1,1,0,0,90,150,6233.434082,283.0194397,60,24048.79492,1,0,24.26748085,230,678436.5057,5635991.865
1,1,0,0,123,212.1320343,8484.008789,268.3281555,42.42640686,20454.67578,1,0,25.35837746,1872,673995.2787,5639682.885
1,1,0,1,78,161.5549469,4295.346191,1323.064575,323.1098938,23556.89648,0,0,33.6247673,130,678076.4062,5633981.31
1,1,0,0,388,1950,16537.21289,1090.779541,42.42640686,33146.29297,1,0,33.92274857,66,685608.487,5644934.336
1,1,0,0,216,842.1401367,4298.488281,301.4962769,161.5549469,10256.53418,1,0,29.8118248,79,664542.6674,5635601.757
1,1,0,0,221,1953.458496,10221.02246,394.5883789,120,16387.41602,1,0,37.48501205,1872,668923.8777,5641243.316
1,0,1,0,115,1290,2012.013916,3386.148193,30,24957.85352,0,0,17.67278671,1974,678886.63,5627769.594
1,1,0,0,362,150,12439.15234,1374.11792,30,26632.38086,0,0,47.28181458,28,679666.8456,5642203.581
1,1,1,0,141,30,9843.749023,300,30,22200,0,0,38.61592484,986,675525.7015,5640613.142
1,1,1,0,231,60,9278.200195,853.2877808,161.5549469,23327.11719,0,0,25.66444397,1116,677146.1492,5639112.727
1,1,1,0,129,551.5432739,4973.218262,429.5346375,120,17154.36133,0,0,38.61592484,1252,671414.5658,5636411.981
1,1,0,1,148,1092.016479,1854.427124,1328.495361,120,22834.1582,0,0,27.15583992,1974,677146.1492,5630080.232
1,1,0,0,178,192.0937347,10223.31152,582.4946289,403.6087341,24651.62305,1,0,45.18000412,1116,678286.4642,5639982.968
1,0,0,1,207,1465.093872,2333.838135,432.6661682,84.85281372,9533.110352,0,0,27.15583992,503,662892.2114,5628519.801
1,0,0,1,505,108.1665421,4864.904785,937.7099609,60,9757.796875,0,1,14.63276291,47,663672.427,5636802.089
1,1,0,0,498,134.1640778,8578.636719,510.8815918,182.4828796,26478.70117,1,0,42.88660812,14,680567.0943,5638212.479
1,1,0,1,94,1980,2184.032959,2826.057373,276.5863342,24291.57227,0,0,18.86017418,1974,678196.4393,5627739.585
1,1,1,0,125,180,524.7856445,2852.367432,30,24361.71875,0,0,19.29672623,497,678706.5803,5630230.274
1,1,0,0,140,127.2792206,9611.711914,258.0697632,42.42640686,21018.25,1,0,37.74333954,1872,674205.3368,5640793.192
1,1,1,0,81,602.9925537,5821.623535,488.364624,182.4828796,19056.61328,0,0,30.22798538,56,673215.0632,5637132.18
1,1,1,0,461,60,11102.83789,1760.82373,42.42640686,24305.62891,0,1,3.534557104,111,677626.2818,5640973.241
1,1,0,1,193,2030.270874,13584.96582,798.8116455,84.85281372,30601.25,0,1,13.44629478,39,683747.973,5642503.664
1,1,0,1,85,465.7252502,5931.509277,192.0937347,364.9657593,17049.13477,0,0,58.49546814,1252,671114.4829,5637342.238
1,1,0,0,301,0,10002.55957,948.6832886,391.1521301,23387.26563,1,0,21.8282547,1116,676936.0912,5640103.001
1,0,1,0,268,2023.388306,4117.001465,1092.016479,42.42640686,11565.57422,0,0,40.14917374,1730,666073.0902,5634011.318
1,1,0,1,331,3065.289551,17027.24023,2016.258911,192.0937347,29275.71094,0,1,14.72732162,16,680597.1025,5646734.833
1,1,0,0,27,391.1521301,2998.799805,362.491394,90,16373.13086,1,0,30.61583138,1109,670874.4166,5634281.393
1,1,1,0,149,371.0794983,930.4837646,1295.569336,30,3166.528076,0,0,24.7769413,946,656950.57,5630830.439
1,1,1,0,15,2418.677246,3453.259277,1980.227295,67.08203888,22144.1875,0,1,7.680831432,1974,675915.8093,5627469.511
1,1,1,0,349,615.5485229,7773.18457,1317.269897,134.1640778,19433.93359,0,0,23.59315109,67,673095.03,5639142.736
